,glider,dt,dt_str,datetime,gps_dt,gps_dt_str,lat,lon,final_water_vx,final_water_vx_dt,final_water_vy,final_water_vy_dt,vx,vx_dt,vy,vy_dt
0,modena,2018-02-13 02:46:41,2018-02-13 02:46:41 UTC,2018-02-13 02:46:41 UTC,2018-02-13 02:45:54,2018-02-13 02:45:54 UTC,35.94206666666667,-74.95091666666667,0.0710418007546311,2018-02-13 02:45:47,0.154331743281977,2018-02-13 02:45:47,0.0710418007546311,2018-02-13 02:45:46,0.154331743281977,2018-02-13 02:45:46
1,modena,2018-02-13 05:44:58,2018-02-13 05:44:58 UTC,2018-02-13 05:44:58 UTC,2018-02-13 05:44:07,2018-02-13 05:44:07 UTC,35.921166666666664,-74.9596,0.0735902129472501,2018-02-13 05:44:04,0.149629081185391,2018-02-13 05:44:04,0.0735902129472501,2018-02-13 05:44:03,0.149629081185391,2018-02-13 05:44:03
2,modena,2018-02-13 08:45:00,2018-02-13 08:45:00 UTC,2018-02-13 08:45:00 UTC,2018-02-13 08:44:17,2018-02-13 08:44:17 UTC,35.904916666666665,-74.98705,0.0671900532678832,2018-02-13 08:44:10,0.143109833583513,2018-02-13 08:44:10,0.0671900532678832,2018-02-13 08:44:09,0.143109833583513,2018-02-13 08:44:09
3,modena,2018-02-13 11:47:40,2018-02-13 11:47:40 UTC,2018-02-13 11:47:40 UTC,2018-02-13 11:46:57,2018-02-13 11:46:57 UTC,35.89946666666667,-75.00046666666667,0.0632111900936723,2018-02-13 11:46:50,0.123200112574187,2018-02-13 11:46:50,0.0632111900936723,2018-02-13 11:46:50,0.123200112574187,2018-02-13 11:46:49
4,modena,2018-02-13 12:01:40,2018-02-13 12:01:40 UTC,2018-02-13 12:01:40 UTC,2018-02-13 11:46:58,2018-02-13 11:46:58 UTC,35.89946666666667,-75.00046666666667,0.0632111900936723,2018-02-13 11:46:51,0.123200112574187,2018-02-13 11:46:51,0.0632111900936723,2018-02-13 11:46:51,0.123200112574187,2018-02-13 11:46:51
5,modena,2018-02-13 14:48:51,2018-02-13 14:48:51 UTC,2018-02-13 14:48:51 UTC,2018-02-13 14:46:57,2018-02-13 14:46:57 UTC,35.8945,-74.99566666666666,0.0643212774831522,2018-02-13 14:46:50,0.105072557877498,2018-02-13 14:46:49,0.0643212774831522,2018-02-13 14:46:49,0.105072557877498,2018-02-13 14:46:49
6,modena,2018-02-13 17:47:11,2018-02-13 17:47:11 UTC,2018-02-13 17:47:11 UTC,2018-02-13 17:46:17,2018-02-13 17:46:17 UTC,35.881566666666664,-74.99543333333334,0.0573664373879144,2018-02-13 17:46:14,0.074493303605207,2018-02-13 17:46:14,0.0573664373879144,2018-02-13 17:46:14,0.074493303605207,2018-02-13 17:46:14
7,modena,2018-02-13 20:46:59,2018-02-13 20:46:59 UTC,2018-02-13 20:46:59 UTC,2018-02-13 20:46:13,2018-02-13 20:46:13 UTC,35.86921666666667,-75.00205,0.049019527396032,2018-02-13 20:46:09,0.0572477174746199,2018-02-13 20:46:09,0.049019527396032,2018-02-13 20:46:09,0.0572477174746199,2018-02-13 20:46:09
8,modena,2018-02-13 23:48:37,2018-02-13 23:48:37 UTC,2018-02-13 23:48:37 UTC,2018-02-13 23:47:47,2018-02-13 23:47:47 UTC,35.85921666666667,-75.00466666666667,0.0422938971290525,2018-02-13 23:47:43,0.0307543104419276,2018-02-13 23:47:43,0.0422938971290525,2018-02-13 23:47:42,0.0307543104419276,2018-02-13 23:47:42
9,modena,2018-02-14 00:05:35,2018-02-14 00:05:35 UTC,2018-02-14 00:05:35 UTC,2018-02-14 00:04:46,2018-02-14 00:04:46 UTC,35.8551,-75.0048,0.0422938971290525,2018-02-13 23:47:42,0.0307543104419276,2018-02-13 23:47:42,0.0422938971290525,2018-02-13 23:47:42,0.0307543104419276,2018-02-13 23:47:42
10,modena,2018-02-14 00:16:27,2018-02-14 00:16:27 UTC,2018-02-14 00:16:27 UTC,2018-02-14 00:04:46,2018-02-14 00:04:46 UTC,35.8551,-75.0048,0.0422938971290525,2018-02-13 23:47:43,0.0307543104419276,2018-02-13 23:47:43,0.0422938971290525,2018-02-13 23:47:42,0.0307543104419276,2018-02-13 23:47:42
11,modena,2018-02-14 00:26:00,2018-02-14 00:26:00 UTC,2018-02-14 00:26:00 UTC,2018-02-14 00:25:14,2018-02-14 00:25:14 UTC,35.8503,-75.00458333333333,-0.0029072545839561,2018-02-14 00:24:57,0.253596901348305,2018-02-14 00:24:57,-0.0029072545839561,2018-02-14 00:24:57,0.253596901348305,2018-02-14 00:24:57
12,modena,2018-02-14 00:46:40,2018-02-14 00:46:40 UTC,2018-02-14 00:46:40 UTC,2018-02-14 00:25:14,2018-02-14 00:25:14 UTC,35.8503,-75.00458333333333,-0.0029072545839561,2018-02-14 00:24:58,0.253596901348305,2018-02-14 00:24:58,-0.0029072545839561,2018-02-14 00:24:58,0.253596901348305,2018-02-14 00:24:58
13,modena,2018-02-14 03:54:36,2018-02-14 03:54:36 UTC,2018-02-14 03:54:36 UTC,2018-02-14 03:53:37,2018-02-14 03:53:37 UTC,35.795,-75.01368333333333,-0.00410628768444985,2018-02-14 03:53:33,0.216767202151714,2018-02-14 03:53:33,-0.00410628768444985,2018-02-14 03:53:33,0.216767202151714,2018-02-14 03:53:32
14,modena,2018-02-14 06:55:29,2018-02-14 06:55:29 UTC,2018-02-14 06:55:29 UTC,2018-02-14 06:54:43,2018-02-14 06:54:43 UTC,35.77386666666666,-75.02833333333334,-0.00538405371158155,2018-02-14 06:54:39,0.201882797578282,2018-02-14 06:54:39,-0.00538405371158155,2018-02-14 06:54:39,0.201882797578282,2018-02-14 06:54:38
15,modena,2018-02-14 09:54:19,2018-02-14 09:54:19 UTC,2018-02-14 09:54:19 UTC,2018-02-14 09:53:32,2018-02-14 09:53:32 UTC,35.74896666666667,-75.05005,-0.00848550491700523,2018-02-14 09:53:33,0.197882799585049,2018-02-14 09:53:33,-0.00848550491700523,2018-02-14 09:53:33,0.197882799585049,2018-02-14 09:53:33
16,modena,2018-02-14 12:54:13,2018-02-14 12:54:13 UTC,2018-02-14 12:54:13 UTC,2018-02-14 12:53:22,2018-02-14 12:53:22 UTC,35.73161666666667,-75.0762,-0.00875843103648129,2018-02-14 12:53:19,0.19801207195221,2018-02-14 12:53:19,-0.00875843103648129,2018-02-14 12:53:18,0.19801207195221,2018-02-14 12:53:18
17,modena,2018-02-14 15:55:29,2018-02-14 15:55:29 UTC,2018-02-14 15:55:29 UTC,2018-02-14 15:54:42,2018-02-14 15:54:42 UTC,35.72631666666667,-75.08765,-0.00643530683137864,2018-02-14 15:54:35,0.183028489349566,2018-02-14 15:54:35,-0.00643530683137864,2018-02-14 15:54:34,0.183028489349566,2018-02-14 15:54:34
18,modena,2018-02-14 18:55:34,2018-02-14 18:55:34 UTC,2018-02-14 18:55:34 UTC,2018-02-14 18:54:42,2018-02-14 18:54:42 UTC,35.70818333333333,-75.10096666666666,-0.00243577128125293,2018-02-14 18:54:37,-0.0092883364663116,2018-02-14 18:54:37,-0.00243577128125293,2018-02-14 18:54:36,-0.0092883364663116,2018-02-14 18:54:36
19,modena,2018-02-14 21:52:03,2018-02-14 21:52:03 UTC,2018-02-14 21:52:03 UTC,2018-02-14 21:51:23,2018-02-14 21:51:23 UTC,35.70968333333333,-75.11626666666666,0.000145560961523228,2018-02-14 21:51:11,-4.29763967333945e-05,2018-02-14 21:51:11,0.000145560961523228,2018-02-14 21:51:10,-4.29763967333945e-05,2018-02-14 21:51:10
20,modena,2018-02-15 00:53:01,2018-02-15 00:53:01 UTC,2018-02-15 00:53:01 UTC,2018-02-15 00:51:11,2018-02-15 00:51:11 UTC,35.70933333333333,-75.12713333333333,0.000145560961523228,2018-02-14 21:51:10,-4.29763967333945e-05,2018-02-14 21:51:10,9.69225752157266e-05,2018-02-15 00:51:06,-0.000235838380728956,2018-02-15 00:51:06
21,modena,2018-02-15 03:55:08,2018-02-15 03:55:08 UTC,2018-02-15 03:55:08 UTC,2018-02-15 03:54:22,2018-02-15 03:54:22 UTC,35.69983333333333,-75.13743333333333,2.07727967861875e-06,2018-02-15 01:15:18,-0.000183376347572699,2018-02-15 01:15:18,1.17983355696746e-05,2018-02-15 03:53:14,-0.000107790448318992,2018-02-15 03:53:14
22,modena,2018-02-15 06:54:31,2018-02-15 06:54:31 UTC,2018-02-15 06:54:31 UTC,2018-02-15 06:53:47,2018-02-15 06:53:47 UTC,35.69518333333333,-75.14896666666667,-0.000410217626424378,2018-02-15 06:53:43,-0.00402011092644235,2018-02-15 06:53:43,-0.000410217626424378,2018-02-15 06:53:43,-0.00402011092644235,2018-02-15 06:53:43
23,modena,2018-02-15 09:55:45,2018-02-15 09:55:45 UTC,2018-02-15 09:55:45 UTC,2018-02-15 09:55:02,2018-02-15 09:55:02 UTC,35.693733333333334,-75.15575,-0.00103550640702735,2018-02-15 09:54:57,-0.00787678815565058,2018-02-15 09:54:57,-0.00103550640702735,2018-02-15 09:54:57,-0.00787678815565058,2018-02-15 09:54:57
24,modena,2018-02-15 12:52:46,2018-02-15 12:52:46 UTC,2018-02-15 12:52:46 UTC,2018-02-15 12:52:02,2018-02-15 12:52:02 UTC,35.68755,-75.18321666666667,0.000641553642719034,2018-02-15 12:51:55,0.00344008762031952,2018-02-15 12:51:55,0.000641553642719034,2018-02-15 12:51:54,0.00344008762031952,2018-02-15 12:51:54
25,modena,2018-02-15 15:56:13,2018-02-15 15:56:13 UTC,2018-02-15 15:56:13 UTC,2018-02-15 15:55:22,2018-02-15 15:55:22 UTC,35.68378333333333,-75.2082,0.00119179649714137,2018-02-15 15:55:23,0.00267753003182844,2018-02-15 15:55:23,0.00119179649714137,2018-02-15 15:55:23,0.00267753003182844,2018-02-15 15:55:22
26,modena,2018-02-15 18:54:18,2018-02-15 18:54:18 UTC,2018-02-15 18:54:18 UTC,2018-02-15 18:52:06,2018-02-15 18:52:06 UTC,35.683,-75.22576666666667,6.57708659946609e-05,2018-02-15 18:52:02,-0.000114070848154434,2018-02-15 18:52:02,6.57708659946609e-05,2018-02-15 18:52:02,-0.000114070848154434,2018-02-15 18:52:02
27,modena,2018-02-15 21:57:39,2018-02-15 21:57:39 UTC,2018-02-15 21:57:39 UTC,2018-02-15 21:56:54,2018-02-15 21:56:54 UTC,35.68383333333333,-75.23966666666666,-0.00367509053118928,2018-02-15 21:56:51,0.00956472010176822,2018-02-15 21:56:51,-0.00367509053118928,2018-02-15 21:56:50,0.00956472010176822,2018-02-15 21:56:50
28,modena,2018-02-16 00:56:04,2018-02-16 00:56:04 UTC,2018-02-16 00:56:04 UTC,2018-02-16 00:55:17,2018-02-16 00:55:17 UTC,35.69473333333333,-75.2303,0.00166376408140454,2018-02-16 00:55:13,0.000133629012316979,2018-02-16 00:55:13,0.00166376408140454,2018-02-16 00:55:13,0.000133629012316979,2018-02-16 00:55:13
29,modena,2018-02-16 03:57:23,2018-02-16 03:57:23 UTC,2018-02-16 03:57:23 UTC,2018-02-16 03:56:37,2018-02-16 03:56:37 UTC,35.69656666666667,-75.22523333333334,0.00244273259684618,2018-02-16 03:56:32,0.00726488116583599,2018-02-16 03:56:32,0.00244273259684618,2018-02-16 03:56:32,0.00726488116583599,2018-02-16 03:56:32
30,modena,2018-02-16 06:57:16,2018-02-16 06:57:16 UTC,2018-02-16 06:57:16 UTC,2018-02-16 06:56:36,2018-02-16 06:56:36 UTC,35.68951666666667,-75.22671666666666,0.00244273259684618,2018-02-16 03:56:32,0.00726488116583599,2018-02-16 03:56:32,-0.0299271839862573,2018-02-16 06:55:27,0.0168482377815833,2018-02-16 06:55:27
31,modena,2018-02-16 09:56:34,2018-02-16 09:56:34 UTC,2018-02-16 09:56:34 UTC,2018-02-16 09:55:41,2018-02-16 09:55:41 UTC,35.6811,-75.23723333333334,-0.0320971653895658,2018-02-16 07:09:33,0.0159289414200079,2018-02-16 07:09:33,0.0104017447975116,2018-02-16 09:54:36,-0.00130896374311855,2018-02-16 09:54:36
32,modena,2018-02-16 12:57:41,2018-02-16 12:57:41 UTC,2018-02-16 12:57:41 UTC,2018-02-16 12:56:57,2018-02-16 12:56:57 UTC,35.67536666666667,-75.24275,0.00162141462460333,2018-02-16 12:56:50,0.00428509440294606,2018-02-16 12:56:50,0.00162141462460333,2018-02-16 12:56:50,0.00428509440294606,2018-02-16 12:56:49
33,modena,2018-02-16 15:57:38,2018-02-16 15:57:38 UTC,2018-02-16 15:57:38 UTC,2018-02-16 15:56:51,2018-02-16 15:56:51 UTC,35.67061666666667,-75.24066666666667,0.00228668667053228,2018-02-16 15:56:52,0.00634427393932899,2018-02-16 15:56:52,0.00228668667053228,2018-02-16 15:56:51,0.00634427393932899,2018-02-16 15:56:51
34,modena,2018-02-16 18:57:01,2018-02-16 18:57:01 UTC,2018-02-16 18:57:01 UTC,2018-02-16 18:56:22,2018-02-16 18:56:22 UTC,35.668683333333334,-75.23965,0.00126095926951918,2018-02-16 18:56:23,0.00150570218473869,2018-02-16 18:56:23,0.00126095926951918,2018-02-16 18:56:23,0.00150570218473869,2018-02-16 18:56:23
35,modena,2018-02-16 21:54:24,2018-02-16 21:54:24 UTC,2018-02-16 21:54:24 UTC,2018-02-16 21:53:42,2018-02-16 21:53:42 UTC,35.66311666666667,-75.24861666666666,-0.00388363017704742,2018-02-16 21:53:38,0.0152805634847692,2018-02-16 21:53:38,-0.00388363017704742,2018-02-16 21:53:38,0.0152805634847692,2018-02-16 21:53:38
36,modena,2018-02-17 00:56:11,2018-02-17 00:56:11 UTC,2018-02-17 00:56:11 UTC,2018-02-17 00:55:22,2018-02-17 00:55:22 UTC,35.65331666666667,-75.25996666666667,-0.00169209126094491,2018-02-17 00:55:19,0.00914705304640242,2018-02-17 00:55:19,-0.00169209126094491,2018-02-17 00:55:18,0.00914705304640242,2018-02-17 00:55:18
37,modena,2018-02-17 03:54:44,2018-02-17 03:54:44 UTC,2018-02-17 03:54:44 UTC,2018-02-17 03:54:01,2018-02-17 03:54:01 UTC,35.62988333333333,-75.26231666666666,-0.000250067747883106,2018-02-17 03:53:54,-0.00828821269638705,2018-02-17 03:53:54,-0.000250067747883106,2018-02-17 03:53:54,-0.00828821269638705,2018-02-17 03:53:54
38,modena,2018-02-17 06:57:52,2018-02-17 06:57:52 UTC,2018-02-17 06:57:52 UTC,2018-02-17 06:57:12,2018-02-17 06:57:12 UTC,35.590316666666666,-75.27778333333333,-0.00452848498330693,2018-02-17 06:57:14,0.00191983024704857,2018-02-17 06:57:14,-0.00452848498330693,2018-02-17 06:57:14,0.00191983024704857,2018-02-17 06:57:14
39,modena,2018-02-17 09:57:17,2018-02-17 09:57:17 UTC,2018-02-17 09:57:17 UTC,2018-02-17 09:56:37,2018-02-17 09:56:37 UTC,35.551566666666666,-75.3027,-0.0016233503848157,2018-02-17 09:56:30,-0.00528607961137346,2018-02-17 09:56:30,-0.0016233503848157,2018-02-17 09:56:30,-0.00528607961137346,2018-02-17 09:56:30
40,modena,2018-02-17 12:55:46,2018-02-17 12:55:46 UTC,2018-02-17 12:55:46 UTC,2018-02-17 12:55:02,2018-02-17 12:55:02 UTC,35.53601666666667,-75.3096,-0.000658643406741816,2018-02-17 12:54:55,-0.00617895232565711,2018-02-17 12:54:55,-0.000658643406741816,2018-02-17 12:54:54,-0.00617895232565711,2018-02-17 12:54:54
41,modena,2018-02-17 15:58:56,2018-02-17 15:58:56 UTC,2018-02-17 15:58:56 UTC,2018-02-17 15:58:06,2018-02-17 15:58:06 UTC,35.47281666666667,-75.31186666666666,-0.000658643406741816,2018-02-17 12:54:54,-0.00617895232565711,2018-02-17 12:54:54,-0.00938817773120575,2018-02-17 15:57:01,-0.0419090842023999,2018-02-17 15:57:01
42,modena,2018-02-17 18:58:34,2018-02-17 18:58:34 UTC,2018-02-17 18:58:34 UTC,2018-02-17 18:57:48,2018-02-17 18:57:48 UTC,35.414966666666665,-75.31451666666666,-0.000484308017433338,2018-02-17 18:57:49,-0.00697792444300236,2018-02-17 18:57:49,-0.000484308017433338,2018-02-17 18:57:49,-0.00697792444300236,2018-02-17 18:57:49
43,modena,2018-02-17 21:57:31,2018-02-17 21:57:31 UTC,2018-02-17 21:57:31 UTC,2018-02-17 21:56:47,2018-02-17 21:56:47 UTC,35.3688,-75.31725,0.000733601235966299,2018-02-17 21:56:44,-0.00684066626145776,2018-02-17 21:56:44,0.000733601235966299,2018-02-17 21:56:44,-0.00684066626145776,2018-02-17 21:56:44
44,modena,2018-02-18 00:56:49,2018-02-18 00:56:49 UTC,2018-02-18 00:56:49 UTC,2018-02-18 00:56:07,2018-02-18 00:56:07 UTC,35.34043333333333,-75.31751666666666,0.00261924818120353,2018-02-18 00:56:02,-0.00202822382348816,2018-02-18 00:56:02,0.00261924818120353,2018-02-18 00:56:02,-0.00202822382348816,2018-02-18 00:56:02
45,modena,2018-02-18 03:59:06,2018-02-18 03:59:06 UTC,2018-02-18 03:59:06 UTC,2018-02-18 03:58:17,2018-02-18 03:58:17 UTC,35.31865,-75.29123333333334,0.00261924818120353,2018-02-18 00:56:02,-0.00202822382348816,2018-02-18 00:56:02,0.00728212830087272,2018-02-18 03:57:11,-0.00562624366296346,2018-02-18 03:57:11
46,modena,2018-02-18 06:58:36,2018-02-18 06:58:36 UTC,2018-02-18 06:58:36 UTC,2018-02-18 06:57:56,2018-02-18 06:57:56 UTC,35.310266666666664,-75.25331666666666,0.00193487102078965,2018-02-18 06:57:58,-0.0130211076205137,2018-02-18 06:57:58,0.00193487102078965,2018-02-18 06:57:58,-0.0130211076205137,2018-02-18 06:57:58
47,modena,2018-02-18 09:55:30,2018-02-18 09:55:30 UTC,2018-02-18 09:55:30 UTC,2018-02-18 09:54:42,2018-02-18 09:54:42 UTC,35.316833333333335,-75.23813333333334,0.000233171795361526,2018-02-18 09:54:35,0.000124789888975548,2018-02-18 09:54:35,0.000233171795361526,2018-02-18 09:54:35,0.000124789888975548,2018-02-18 09:54:35
48,modena,2018-02-18 12:57:56,2018-02-18 12:57:56 UTC,2018-02-18 12:57:56 UTC,2018-02-18 12:57:17,2018-02-18 12:57:17 UTC,35.3267,-75.22333333333333,0.00112447539430244,2018-02-18 12:57:09,0.000458992636427793,2018-02-18 12:57:09,0.00112447539430244,2018-02-18 12:57:09,0.000458992636427793,2018-02-18 12:57:09
49,modena,2018-02-18 15:58:30,2018-02-18 15:58:30 UTC,2018-02-18 15:58:30 UTC,2018-02-18 15:57:46,2018-02-18 15:57:46 UTC,35.33123333333333,-75.19961666666667,-0.00123085251182119,2018-02-18 15:57:39,-0.00285360104129555,2018-02-18 15:57:39,-0.00123085251182119,2018-02-18 15:57:38,-0.00285360104129555,2018-02-18 15:57:38
50,modena,2018-02-18 18:59:15,2018-02-18 18:59:15 UTC,2018-02-18 18:59:15 UTC,2018-02-18 18:58:31,2018-02-18 18:58:31 UTC,35.325916666666664,-75.19261666666667,-0.0027869922841434,2018-02-18 18:58:24,-0.0107044705982627,2018-02-18 18:58:24,-0.0027869922841434,2018-02-18 18:58:23,-0.0107044705982627,2018-02-18 18:58:23
51,modena,2018-02-18 21:59:01,2018-02-18 21:59:01 UTC,2018-02-18 21:59:01 UTC,2018-02-18 21:58:17,2018-02-18 21:58:17 UTC,35.319433333333336,-75.19671666666666,-0.00967225561385116,2018-02-18 21:58:10,-0.0177121684658021,2018-02-18 21:58:10,-0.00967225561385116,2018-02-18 21:58:10,-0.0177121684658021,2018-02-18 21:58:10
52,modena,2018-02-19 00:58:51,2018-02-19 00:58:51 UTC,2018-02-19 00:58:51 UTC,2018-02-19 00:58:07,2018-02-19 00:58:07 UTC,35.326766666666664,-75.19903333333333,-0.00120775480672196,2018-02-19 00:58:01,-0.00189135869917422,2018-02-19 00:58:01,-0.00120775480672196,2018-02-19 00:58:00,-0.00189135869917422,2018-02-19 00:58:00
53,modena,2018-02-19 03:59:27,2018-02-19 03:59:27 UTC,2018-02-19 03:59:27 UTC,2018-02-19 03:58:36,2018-02-19 03:58:36 UTC,35.341966666666664,-75.19323333333334,-0.00120775480672196,2018-02-19 00:58:01,-0.00189135869917422,2018-02-19 00:58:01,0.000689498407339727,2018-02-19 03:57:32,0.000243117230154625,2018-02-19 03:57:32
54,modena,2018-02-19 06:59:56,2018-02-19 06:59:56 UTC,2018-02-19 06:59:56 UTC,2018-02-19 06:59:16,2018-02-19 06:59:16 UTC,35.35146666666667,-75.16898333333333,0.00248451823091712,2018-02-19 06:59:14,-0.00210118675522233,2018-02-19 06:59:13,0.00248451823091712,2018-02-19 06:59:13,-0.00210118675522233,2018-02-19 06:59:13
55,modena,2018-02-19 09:58:56,2018-02-19 09:58:56 UTC,2018-02-19 09:58:56 UTC,2018-02-19 09:58:17,2018-02-19 09:58:17 UTC,35.367066666666666,-75.14738333333334,0.00239710233770401,2018-02-19 09:58:09,-0.00115891376737248,2018-02-19 09:58:09,0.00239710233770401,2018-02-19 09:58:09,-0.00115891376737248,2018-02-19 09:58:09
56,modena,2018-02-19 12:59:26,2018-02-19 12:59:26 UTC,2018-02-19 12:59:26 UTC,2018-02-19 12:58:46,2018-02-19 12:58:46 UTC,35.38005,-75.11565,0.00479415224707392,2018-02-19 12:58:48,-0.00810990414826269,2018-02-19 12:58:48,0.00479415224707392,2018-02-19 12:58:48,-0.00810990414826269,2018-02-19 12:58:48
57,modena,2018-02-19 15:59:17,2018-02-19 15:59:17 UTC,2018-02-19 15:59:17 UTC,2018-02-19 15:58:31,2018-02-19 15:58:31 UTC,35.394016666666666,-75.08046666666667,-0.00024698304395636,2018-02-19 15:58:30,0.00470891656405287,2018-02-19 15:58:30,-0.00024698304395636,2018-02-19 15:58:30,0.00470891656405287,2018-02-19 15:58:30
58,modena,2018-02-19 18:59:56,2018-02-19 18:59:56 UTC,2018-02-19 18:59:56 UTC,2018-02-19 18:59:05,2018-02-19 18:59:05 UTC,35.4076,-75.0508,0.00152705270219385,2018-02-19 18:59:02,-0.00122020939184473,2018-02-19 18:59:02,0.00152705270219385,2018-02-19 18:59:02,-0.00122020939184473,2018-02-19 18:59:02
59,modena,2018-02-19 21:59:51,2018-02-19 21:59:51 UTC,2018-02-19 21:59:51 UTC,2018-02-19 21:59:12,2018-02-19 21:59:12 UTC,35.4205,-75.04883333333333,0.00152705270219385,2018-02-19 18:59:03,-0.00122020939184473,2018-02-19 18:59:03,0.0150283889000319,2018-02-19 21:58:02,-0.000801015867831222,2018-02-19 21:58:02
60,modena,2018-02-20 01:00:42,2018-02-20 01:00:42 UTC,2018-02-20 01:00:42 UTC,2018-02-20 01:00:03,2018-02-20 01:00:03 UTC,35.43536666666667,-75.04881666666667,0.00963322044290708,2018-02-20 01:00:04,0.00135561352849003,2018-02-20 01:00:04,0.00963322044290708,2018-02-20 01:00:04,0.00135561352849003,2018-02-20 01:00:04
61,modena,2018-02-20 04:00:18,2018-02-20 04:00:18 UTC,2018-02-20 04:00:18 UTC,2018-02-20 03:59:27,2018-02-20 03:59:27 UTC,35.44291666666667,-75.04303333333333,0.0410962630056354,2018-02-20 03:59:24,-0.00399909715787613,2018-02-20 03:59:24,0.0410962630056354,2018-02-20 03:59:24,-0.00399909715787613,2018-02-20 03:59:24
62,modena,2018-02-20 07:01:30,2018-02-20 07:01:30 UTC,2018-02-20 07:01:30 UTC,2018-02-20 07:00:46,2018-02-20 07:00:46 UTC,35.438233333333336,-75.03531666666667,0.0410962630056354,2018-02-20 03:59:24,-0.00399909715787613,2018-02-20 03:59:24,0.0117075555130112,2018-02-20 06:59:37,-0.0114699441929501,2018-02-20 06:59:37
63,modena,2018-02-20 10:02:21,2018-02-20 10:02:21 UTC,2018-02-20 10:02:21 UTC,2018-02-20 10:01:41,2018-02-20 10:01:41 UTC,35.4317,-75.03621666666666,0.0147622245115798,2018-02-20 10:01:43,-0.00654711997800237,2018-02-20 10:01:43,0.0147622245115798,2018-02-20 10:01:43,-0.00654711997800237,2018-02-20 10:01:43
64,modena,2018-02-20 13:00:30,2018-02-20 13:00:30 UTC,2018-02-20 13:00:30 UTC,2018-02-20 12:58:51,2018-02-20 12:58:51 UTC,35.4344,-75.04605,0.0147622245115798,,-0.00654711997800237,,0.00805083335905336,2018-02-20 12:57:41,-0.00353192230141348,2018-02-20 12:57:41
65,modena,2018-02-20 16:00:18,2018-02-20 16:00:18 UTC,2018-02-20 16:00:18 UTC,2018-02-20 15:59:31,2018-02-20 15:59:31 UTC,35.441433333333336,-75.05655,0.00665704081509742,2018-02-20 13:12:18,-0.00346659596804365,2018-02-20 13:12:18,0.0266749245599118,2018-02-20 15:58:25,0.00486241750353206,2018-02-20 15:58:25
66,modena,2018-02-20 19:01:16,2018-02-20 19:01:16 UTC,2018-02-20 19:01:16 UTC,2018-02-20 19:00:16,2018-02-20 19:00:16 UTC,35.44498333333333,-75.06518333333334,0.0249070331109164,2018-02-20 16:13:31,0.00461484281971641,2018-02-20 16:13:31,0.00430708966185411,2018-02-20 18:59:10,0.0014296004516734,2018-02-20 18:59:10
67,modena,2018-02-20 22:00:34,2018-02-20 22:00:34 UTC,2018-02-20 22:00:34 UTC,2018-02-20 21:59:46,2018-02-20 21:59:46 UTC,35.447783333333334,-75.07451666666667,0.00654907392788672,2018-02-20 21:59:47,0.0022828388045645,2018-02-20 21:59:47,0.00654907392788672,2018-02-20 21:59:47,0.0022828388045645,2018-02-20 21:59:47
68,modena,2018-02-21 01:00:51,2018-02-21 01:00:51 UTC,2018-02-21 01:00:51 UTC,2018-02-21 01:00:11,2018-02-21 01:00:11 UTC,35.4523,-75.08168333333333,0.00718722336624739,2018-02-21 01:00:09,0.00619298697314731,2018-02-21 01:00:09,0.00718722336624739,2018-02-21 01:00:08,0.00619298697314731,2018-02-21 01:00:08
69,modena,2018-02-21 04:03:11,2018-02-21 04:03:11 UTC,2018-02-21 04:03:11 UTC,2018-02-21 04:02:27,2018-02-21 04:02:27 UTC,35.45503333333333,-75.07856666666666,0.00718722336624739,2018-02-21 01:00:09,0.00619298697314731,2018-02-21 01:00:09,0.0130455173898258,2018-02-21 04:01:18,0.00354047774497887,2018-02-21 04:01:18
70,modena,2018-02-21 07:02:18,2018-02-21 07:02:18 UTC,2018-02-21 07:02:18 UTC,2018-02-21 07:01:36,2018-02-21 07:01:36 UTC,35.4568,-75.06518333333334,0.00992940913637348,2018-02-21 04:15:33,0.00273003318092127,2018-02-21 04:15:33,0.0124171091408355,2018-02-21 07:00:30,-0.00522519519703835,2018-02-21 07:00:30
71,modena,2018-02-21 10:00:59,2018-02-21 10:00:59 UTC,2018-02-21 10:00:59 UTC,2018-02-21 10:00:10,2018-02-21 10:00:10 UTC,35.46095,-75.05796666666667,0.0105222475054509,,-0.00503597587722653,2018-02-21 07:14:08,0.0546351954852085,2018-02-21 09:59:06,0.0280830382883986,2018-02-21 09:59:06
72,modena,2018-02-21 13:02:42,2018-02-21 13:02:42 UTC,2018-02-21 13:02:42 UTC,2018-02-21 13:02:03,2018-02-21 13:02:03 UTC,35.473416666666665,-75.0613,0.0536394352866689,2018-02-21 10:13:07,0.0278909506879931,2018-02-21 10:13:07,0.218732502942022,2018-02-21 13:00:49,0.21699539838813,2018-02-21 13:00:49
73,modena,2018-02-21 16:01:58,2018-02-21 16:01:58 UTC,2018-02-21 16:01:58 UTC,2018-02-21 16:01:11,2018-02-21 16:01:11 UTC,35.4861,-75.05836666666667,0.218548058030723,2018-02-21 13:15:33,0.215150903309145,2018-02-21 13:15:33,0.0889273926460907,2018-02-21 16:00:01,0.107500699810624,2018-02-21 16:00:01
74,modena,2018-02-21 16:10:34,2018-02-21 16:10:34 UTC,2018-02-21 16:10:34 UTC,2018-02-21 16:01:11,2018-02-21 16:01:11 UTC,,,,2018-02-21 13:15:33,,2018-02-21 13:15:33,,2018-02-21 16:00:01,,2018-02-21 16:00:01
75,modena,2018-02-21 16:15:20,2018-02-21 16:15:20 UTC,2018-02-21 16:15:20 UTC,2018-02-21 16:14:30,2018-02-21 16:14:30 UTC,35.488366666666664,-75.05901666666666,0.0,,0.0,,0.0,,0.0,
76,modena,2018-02-21 16:25:08,2018-02-21 16:25:08 UTC,2018-02-21 16:25:08 UTC,2018-02-21 16:24:20,2018-02-21 16:24:20 UTC,35.4898,-75.05946666666667,0.0,,0.0,,0.0,,0.0,
77,modena,2018-02-21 16:29:48,2018-02-21 16:29:48 UTC,2018-02-21 16:29:48 UTC,2018-02-21 16:29:06,2018-02-21 16:29:06 UTC,35.49058333333333,-75.05965,0.0,,0.0,,0.0,,0.0,
78,modena,2018-02-21 16:40:00,2018-02-21 16:40:00 UTC,2018-02-21 16:40:00 UTC,2018-02-21 16:39:11,2018-02-21 16:39:11 UTC,35.492533333333334,-75.06028333333333,0.0,,0.0,,0.0,,0.0,
79,modena,2018-02-21 17:13:30,2018-02-21 17:13:30 UTC,2018-02-21 17:13:30 UTC,2018-02-21 17:11:14,2018-02-21 17:11:14 UTC,35.49711666666666,-75.06,-0.00319030337284836,2018-02-21 17:11:11,-0.00219156880652311,2018-02-21 17:11:11,-0.00319030337284836,2018-02-21 17:11:10,-0.00219156880652311,2018-02-21 17:11:10
80,modena,2018-02-21 17:17:53,2018-02-21 17:17:53 UTC,2018-02-21 17:17:53 UTC,2018-02-21 17:11:15,2018-02-21 17:11:15 UTC,35.49711666666666,-75.06,-0.00319030337284836,2018-02-21 17:11:11,-0.00219156880652311,2018-02-21 17:11:11,-0.00319030337284836,2018-02-21 17:11:11,-0.00219156880652311,2018-02-21 17:11:11
81,modena,2018-02-21 21:05:16,2018-02-21 21:05:16 UTC,2018-02-21 21:05:16 UTC,2018-02-21 21:04:37,2018-02-21 21:04:37 UTC,35.51983333333333,-75.03191666666666,-0.00319030337284836,,-0.00219156880652311,,0.0237698929828732,2018-02-21 21:03:27,0.00739673494349656,2018-02-21 21:03:27
82,modena,2018-02-21 22:30:07,2018-02-21 22:30:07 UTC,2018-02-21 22:30:07 UTC,2018-02-21 22:28:58,2018-02-21 22:28:58 UTC,35.531483333333334,-75.00883333333333,0.0185079030255691,2018-02-21 21:48:39,0.00518925446401761,2018-02-21 21:48:39,0.0185079030255691,2018-02-21 21:48:39,0.00518925446401761,2018-02-21 21:48:39
83,modena,2018-02-21 22:40:50,2018-02-21 22:40:50 UTC,2018-02-21 22:40:50 UTC,2018-02-21 22:28:58,2018-02-21 22:28:58 UTC,35.531483333333334,-75.00883333333333,0.0185079030255691,2018-02-21 21:48:39,0.00518925446401761,2018-02-21 21:48:39,0.0185079030255691,2018-02-21 21:48:39,0.00518925446401761,2018-02-21 21:48:39
84,modena,2018-02-21 22:45:36,2018-02-21 22:45:36 UTC,2018-02-21 22:45:36 UTC,2018-02-21 22:44:53,2018-02-21 22:44:53 UTC,35.533833333333334,-75.00301666666667,0.0185079030255691,,0.00518925446401761,,0.0185079030255691,,0.00518925446401761,
85,modena,2018-02-22 02:12:33,2018-02-22 02:12:33 UTC,2018-02-22 02:12:33 UTC,2018-02-22 02:11:50,2018-02-22 02:11:50 UTC,35.5562,-74.9871,0.0185079030255691,,0.00518925446401761,,0.0339563827710533,2018-02-22 02:10:45,0.0255324239195123,2018-02-22 02:10:45
86,modena,2018-02-22 05:12:51,2018-02-22 05:12:51 UTC,2018-02-22 05:12:51 UTC,2018-02-22 05:12:03,2018-02-22 05:12:03 UTC,35.57096666666666,-74.97993333333334,0.0168091214697547,2018-02-22 05:11:56,0.011351893936072,2018-02-22 05:11:56,0.0168091214697547,2018-02-22 05:11:55,0.011351893936072,2018-02-22 05:11:55
87,modena,2018-02-22 08:14:09,2018-02-22 08:14:09 UTC,2018-02-22 08:14:09 UTC,2018-02-22 08:13:25,2018-02-22 08:13:25 UTC,35.5992,-74.96285,0.16130340417686,2018-02-22 08:13:27,0.0731340876954082,2018-02-22 08:13:27,0.16130340417686,2018-02-22 08:13:27,0.0731340876954082,2018-02-22 08:13:27
88,modena,2018-02-22 11:13:46,2018-02-22 11:13:46 UTC,2018-02-22 11:13:46 UTC,2018-02-22 11:13:00,2018-02-22 11:13:00 UTC,35.62023333333333,-74.9541,0.0160653968528116,2018-02-22 11:12:56,0.00483950040256003,2018-02-22 11:12:56,0.0160653968528116,2018-02-22 11:12:56,0.00483950040256003,2018-02-22 11:12:56
89,modena,2018-02-22 14:15:24,2018-02-22 14:15:24 UTC,2018-02-22 14:15:24 UTC,2018-02-22 14:13:57,2018-02-22 14:13:57 UTC,35.63616666666667,-74.96121666666667,0.00424292736610852,2018-02-22 14:13:50,0.00895541065114801,2018-02-22 14:13:50,0.00424292736610852,2018-02-22 14:13:50,0.00895541065114801,2018-02-22 14:13:50
90,modena,2018-02-22 17:11:46,2018-02-22 17:11:46 UTC,2018-02-22 17:11:46 UTC,2018-02-22 17:11:07,2018-02-22 17:11:07 UTC,35.6513,-74.97593333333333,0.00496747550373579,2018-02-22 17:11:04,0.00759639021363532,2018-02-22 17:11:04,0.00496747550373579,2018-02-22 17:11:03,0.00759639021363532,2018-02-22 17:11:03
91,modena,2018-02-22 20:15:02,2018-02-22 20:15:02 UTC,2018-02-22 20:15:02 UTC,2018-02-22 20:14:21,2018-02-22 20:14:21 UTC,35.663016666666664,-74.98583333333333,0.00496747550373579,2018-02-22 17:11:04,0.00759639021363532,2018-02-22 17:11:04,0.183252676745371,2018-02-22 20:13:14,0.0474728241474189,2018-02-22 20:13:13
92,modena,2018-02-22 23:15:51,2018-02-22 23:15:51 UTC,2018-02-22 23:15:51 UTC,2018-02-22 23:15:08,2018-02-22 23:15:08 UTC,35.66225,-74.99056666666667,0.179964049425437,2018-02-22 20:29:36,0.0468773120283431,2018-02-22 20:29:36,0.201999953618993,2018-02-22 23:13:58,-0.0022346723415042,2018-02-22 23:13:58
93,modena,2018-02-23 02:15:56,2018-02-23 02:15:56 UTC,2018-02-23 02:15:56 UTC,2018-02-23 02:15:13,2018-02-23 02:15:13 UTC,35.66106666666667,-75.0007,0.199565899252033,2018-02-22 23:28:32,-0.00288923083132311,2018-02-22 23:28:32,0.0320981530469782,2018-02-23 02:14:03,4.81292963670289e-05,2018-02-23 02:14:03
94,modena,2018-02-23 05:12:50,2018-02-23 05:12:50 UTC,2018-02-23 05:12:50 UTC,2018-02-23 05:12:06,2018-02-23 05:12:06 UTC,35.65943333333333,-75.00896666666667,0.0288094002413078,2018-02-23 02:28:41,-2.0503824211134e-05,2018-02-23 02:28:41,0.0557435114608779,2018-02-23 05:10:57,-0.001743222922612,2018-02-23 05:10:57
95,modena,2018-02-23 08:14:54,2018-02-23 08:14:54 UTC,2018-02-23 08:14:54 UTC,2018-02-23 08:14:11,2018-02-23 08:14:11 UTC,35.6587,-75.00383333333333,0.0116551199685262,2018-02-23 08:14:07,-0.00486742342986054,2018-02-23 08:14:07,0.0116551199685262,2018-02-23 08:14:07,-0.00486742342986054,2018-02-23 08:14:07
96,modena,2018-02-23 11:14:18,2018-02-23 11:14:18 UTC,2018-02-23 11:14:18 UTC,2018-02-23 11:13:21,2018-02-23 11:13:21 UTC,35.6518,-74.99423333333333,0.00572694230727959,2018-02-23 11:13:14,-0.0065517180129466,2018-02-23 11:13:14,0.00572694230727959,2018-02-23 11:13:13,-0.0065517180129466,2018-02-23 11:13:13
97,modena,2018-02-23 14:15:53,2018-02-23 14:15:53 UTC,2018-02-23 14:15:53 UTC,2018-02-23 14:15:11,2018-02-23 14:15:11 UTC,35.64103333333333,-74.99096666666667,0.0142349788323631,2018-02-23 14:15:06,-0.0299101638957105,2018-02-23 14:15:06,0.0142349788323631,2018-02-23 14:15:06,-0.0299101638957105,2018-02-23 14:15:06
98,modena,2018-02-23 17:15:21,2018-02-23 17:15:21 UTC,2018-02-23 17:15:21 UTC,2018-02-23 17:14:41,2018-02-23 17:14:41 UTC,35.63968333333333,-74.99048333333333,0.00876396894549335,2018-02-23 17:14:34,-0.00882805314272792,2018-02-23 17:14:34,0.00876396894549335,2018-02-23 17:14:34,-0.00882805314272792,2018-02-23 17:14:34
99,modena,2018-02-23 20:15:54,2018-02-23 20:15:54 UTC,2018-02-23 20:15:54 UTC,2018-02-23 20:15:11,2018-02-23 20:15:11 UTC,35.6193,-74.97975,0.0133109159368831,2018-02-23 20:15:07,-0.00421794392129317,2018-02-23 20:15:07,0.0133109159368831,2018-02-23 20:15:07,-0.00421794392129317,2018-02-23 20:15:07
100,modena,2018-02-23 23:16:54,2018-02-23 23:16:54 UTC,2018-02-23 23:16:54 UTC,2018-02-23 23:16:11,2018-02-23 23:16:11 UTC,35.60893333333333,-74.96265,0.0133109159368831,2018-02-23 20:15:07,-0.00421794392129317,2018-02-23 20:15:07,0.0244895238924132,2018-02-23 23:15:05,-0.00160311129154358,2018-02-23 23:15:05
101,modena,2018-02-24 02:14:03,2018-02-24 02:14:03 UTC,2018-02-24 02:14:03 UTC,2018-02-24 02:13:15,2018-02-24 02:13:15 UTC,35.604866666666666,-74.94911666666667,0.0200738398335696,2018-02-23 23:29:55,0.000734896798775104,2018-02-23 23:29:55,0.190125724722461,2018-02-24 02:12:06,-0.0829338787523412,2018-02-24 02:12:06
102,modena,2018-02-24 05:15:16,2018-02-24 05:15:16 UTC,2018-02-24 05:15:16 UTC,2018-02-24 05:14:30,2018-02-24 05:14:30 UTC,35.60198333333334,-74.94298333333333,0.187084611992951,2018-02-24 02:27:34,-0.0815026549985984,2018-02-24 02:27:34,0.279421743275285,2018-02-24 05:13:23,-0.118882898341716,2018-02-24 05:13:23
103,modena,2018-02-24 05:36:01,2018-02-24 05:36:01 UTC,2018-02-24 05:36:01 UTC,2018-02-24 05:34:32,2018-02-24 05:34:32 UTC,35.60433333333334,-74.93635,,2018-02-24 02:27:34,,2018-02-24 02:27:34,,2018-02-24 05:13:23,,2018-02-24 05:13:23
104,modena,2018-02-24 08:16:32,2018-02-24 08:16:32 UTC,2018-02-24 08:16:32 UTC,2018-02-24 08:15:47,2018-02-24 08:15:47 UTC,35.6015,-74.92585,0.273058912898674,2018-02-24 05:25:07,-0.1203127927019,2018-02-24 05:25:07,0.102935396182934,2018-02-24 08:14:38,-0.0446585028874835,2018-02-24 08:14:38
105,modena,2018-02-24 11:17:07,2018-02-24 11:17:07 UTC,2018-02-24 11:17:07 UTC,2018-02-24 11:16:16,2018-02-24 11:16:16 UTC,35.58646666666667,-74.88825,0.0976801513642614,2018-02-24 08:38:59,-0.0451825978879654,2018-02-24 08:38:59,0.111137544302467,2018-02-24 11:15:12,-0.0348812399663603,2018-02-24 11:15:12
106,modena,2018-02-24 14:12:38,2018-02-24 14:12:38 UTC,2018-02-24 14:12:38 UTC,2018-02-24 14:11:55,2018-02-24 14:11:55 UTC,35.58215,-74.84983333333334,0.0419022600901117,2018-02-24 14:11:48,-0.0050728790833075,2018-02-24 14:11:48,0.0419022600901117,2018-02-24 14:11:47,-0.0050728790833075,2018-02-24 14:11:47
107,modena,2018-02-24 14:30:55,2018-02-24 14:30:55 UTC,2018-02-24 14:30:55 UTC,2018-02-24 14:29:54,2018-02-24 14:29:54 UTC,35.58315,-74.83963333333334,0.0419022600901117,2018-02-24 14:11:48,-0.0050728790833075,2018-02-24 14:11:48,0.0419022600901117,2018-02-24 14:11:48,-0.0050728790833075,2018-02-24 14:11:48
108,modena,2018-02-24 14:33:12,2018-02-24 14:33:12 UTC,2018-02-24 14:33:12 UTC,2018-02-24 14:29:54,2018-02-24 14:29:54 UTC,35.58315,-74.83963333333334,0.0419022600901117,2018-02-24 14:11:49,-0.0050728790833075,2018-02-24 14:11:48,0.0419022600901117,2018-02-24 14:11:48,-0.0050728790833075,2018-02-24 14:11:48
109,modena,2018-02-24 17:47:42,2018-02-24 17:47:42 UTC,2018-02-24 17:47:42 UTC,2018-02-24 17:16:17,2018-02-24 17:16:17 UTC,35.60658333333333,-74.8103,0.0419022600901117,,-0.0050728790833075,,0.0419022600901117,,-0.0050728790833075,
110,modena,2018-02-24 21:31:22,2018-02-24 21:31:22 UTC,2018-02-24 21:31:22 UTC,2018-02-24 21:29:56,2018-02-24 21:29:56 UTC,35.64808333333333,-74.79855,0.0419022600901117,,-0.0050728790833075,,0.208216670300857,2018-02-24 21:28:50,-0.0316769452920038,2018-02-24 21:28:50
111,modena,2018-02-25 00:21:16,2018-02-25 00:21:16 UTC,2018-02-25 00:21:16 UTC,2018-02-25 00:20:35,2018-02-25 00:20:35 UTC,35.673433333333335,-74.78658333333334,0.200126917807015,2018-02-24 22:15:21,-0.0410200655220325,2018-02-24 22:15:21,0.0592427066639271,2018-02-25 00:19:27,-0.0365888739599843,2018-02-25 00:19:27
112,modena,2018-02-25 03:24:12,2018-02-25 03:24:12 UTC,2018-02-25 03:24:12 UTC,2018-02-25 03:23:26,2018-02-25 03:23:26 UTC,35.67386666666667,-74.79658333333333,0.052421590673905,2018-02-25 00:32:41,-0.0450227707861073,2018-02-25 00:32:41,0.0214991803762144,2018-02-25 03:22:21,0.00763677934753155,2018-02-25 03:22:21
113,modena,2018-02-25 06:20:20,2018-02-25 06:20:20 UTC,2018-02-25 06:20:20 UTC,2018-02-25 06:18:41,2018-02-25 06:18:41 UTC,35.67693333333333,-74.79905,0.0140449348055839,2018-02-25 03:39:17,0.00270435144699244,2018-02-25 03:39:17,0.0326259449952187,2018-02-25 06:17:35,-0.0165260899292026,2018-02-25 06:17:35
114,modena,2018-02-25 09:19:56,2018-02-25 09:19:56 UTC,2018-02-25 09:19:56 UTC,2018-02-25 09:19:16,2018-02-25 09:19:16 UTC,35.67483333333333,-74.80288333333333,0.0245912462728802,2018-02-25 06:34:48,-0.0219686193274784,2018-02-25 06:34:48,0.0340551707092413,2018-02-25 09:18:07,-0.0245150773457048,2018-02-25 09:18:07
115,modena,2018-02-25 12:23:56,2018-02-25 12:23:56 UTC,2018-02-25 12:23:56 UTC,2018-02-25 12:23:12,2018-02-25 12:23:12 UTC,35.672,-74.8071,0.0134792425681822,2018-02-25 12:23:14,-0.00349777540805137,2018-02-25 12:23:14,0.0134792425681822,2018-02-25 12:23:14,-0.00349777540805137,2018-02-25 12:23:13
116,modena,2018-02-25 15:32:59,2018-02-25 15:32:59 UTC,2018-02-25 15:32:59 UTC,2018-02-25 15:32:11,2018-02-25 15:32:11 UTC,35.67015,-74.81153333333333,0.0134792425681822,2018-02-25 12:23:13,-0.00349777540805137,2018-02-25 12:23:13,0.021166061234736,2018-02-25 15:31:02,-0.0170944813864169,2018-02-25 15:31:02
117,modena,2018-02-25 18:22:38,2018-02-25 18:22:38 UTC,2018-02-25 18:22:38 UTC,2018-02-25 18:21:45,2018-02-25 18:21:45 UTC,35.6743,-74.82086666666666,0.0209541630069835,2018-02-25 18:21:43,-0.00317737208647827,2018-02-25 18:21:43,0.0209541630069835,2018-02-25 18:21:42,-0.00317737208647827,2018-02-25 18:21:42
118,modena,2018-02-25 21:27:44,2018-02-25 21:27:44 UTC,2018-02-25 21:27:44 UTC,2018-02-25 21:27:02,2018-02-25 21:27:02 UTC,35.68255,-74.82973333333334,0.0209541630069835,2018-02-25 18:21:42,-0.00317737208647827,2018-02-25 18:21:42,0.0658502804828252,2018-02-25 21:25:53,-0.00455519012433015,2018-02-25 21:25:53
119,modena,2018-02-26 00:20:49,2018-02-26 00:20:49 UTC,2018-02-26 00:20:49 UTC,2018-02-26 00:20:10,2018-02-26 00:20:10 UTC,35.69703333333333,-74.83745,0.00502224621608856,2018-02-26 00:20:07,0.00167565925308388,2018-02-26 00:20:07,0.00502224621608856,2018-02-26 00:20:06,0.00167565925308388,2018-02-26 00:20:06
120,modena,2018-02-26 03:26:59,2018-02-26 03:26:59 UTC,2018-02-26 03:26:59 UTC,2018-02-26 03:26:17,2018-02-26 03:26:17 UTC,35.697116666666666,-74.8543,0.00502224621608856,,0.00167565925308388,2018-02-26 00:20:07,-0.0016008055458684,2018-02-26 03:25:08,-0.0098252478875297,2018-02-26 03:25:08
121,modena,2018-02-26 03:32:33,2018-02-26 03:32:33 UTC,2018-02-26 03:32:33 UTC,2018-02-26 03:26:17,2018-02-26 03:26:17 UTC,35.697116666666666,-74.8543,0.00502224621608856,,0.00167565925308388,2018-02-26 00:20:07,-0.0016008055458684,2018-02-26 03:25:08,-0.0098252478875297,2018-02-26 03:25:08
122,modena,2018-02-26 06:24:09,2018-02-26 06:24:09 UTC,2018-02-26 06:24:09 UTC,2018-02-26 06:23:25,2018-02-26 06:23:25 UTC,35.7045,-74.87923333333333,-0.00204586420719099,2018-02-26 06:23:18,-0.00129210292711131,2018-02-26 06:23:18,-0.00204586420719099,2018-02-26 06:23:17,-0.00129210292711131,2018-02-26 06:23:17
123,modena,2018-02-26 09:23:08,2018-02-26 09:23:08 UTC,2018-02-26 09:23:08 UTC,2018-02-26 09:22:25,2018-02-26 09:22:25 UTC,35.71306666666667,-74.90316666666666,-0.00117792373589612,2018-02-26 09:22:21,0.000191258297204421,2018-02-26 09:22:21,-0.00117792373589612,2018-02-26 09:22:21,0.000191258297204421,2018-02-26 09:22:21
124,modena,2018-02-26 12:21:58,2018-02-26 12:21:58 UTC,2018-02-26 12:21:58 UTC,2018-02-26 12:21:11,2018-02-26 12:21:11 UTC,35.72063333333333,-74.91696666666667,0.00347411916504424,2018-02-26 12:21:12,0.00172107710428293,2018-02-26 12:21:11,0.00347411916504424,2018-02-26 12:21:11,0.00172107710428293,2018-02-26 12:21:11
125,modena,2018-02-26 15:25:05,2018-02-26 15:25:05 UTC,2018-02-26 15:25:05 UTC,2018-02-26 15:24:17,2018-02-26 15:24:17 UTC,35.7177,-74.9228,0.0126139788592572,2018-02-26 15:24:18,-0.00759377091361017,2018-02-26 15:24:18,0.0126139788592572,2018-02-26 15:24:18,-0.00759377091361017,2018-02-26 15:24:18
126,modena,2018-02-26 18:24:15,2018-02-26 18:24:15 UTC,2018-02-26 18:24:15 UTC,2018-02-26 18:23:31,2018-02-26 18:23:31 UTC,35.710683333333336,-74.93128333333334,0.000771407028489335,2018-02-26 18:23:24,-0.011081800640608,2018-02-26 18:23:24,0.000771407028489335,2018-02-26 18:23:24,-0.011081800640608,2018-02-26 18:23:24
127,modena,2018-02-26 21:22:29,2018-02-26 21:22:29 UTC,2018-02-26 21:22:29 UTC,2018-02-26 21:21:45,2018-02-26 21:21:45 UTC,35.71158333333333,-74.9408,0.000368041065345539,2018-02-26 21:21:38,0.00647578922679755,2018-02-26 21:21:38,0.000368041065345539,2018-02-26 21:21:38,0.00647578922679755,2018-02-26 21:21:37
128,modena,2018-02-27 00:25:00,2018-02-27 00:25:00 UTC,2018-02-27 00:25:00 UTC,2018-02-27 00:24:21,2018-02-27 00:24:21 UTC,35.71625,-74.93998333333333,0.00853013802479693,2018-02-27 00:24:18,-0.0147563249612024,2018-02-27 00:24:18,0.00853013802479693,2018-02-27 00:24:17,-0.0147563249612024,2018-02-27 00:24:17
129,modena,2018-02-27 03:24:34,2018-02-27 03:24:34 UTC,2018-02-27 03:24:34 UTC,2018-02-27 03:23:46,2018-02-27 03:23:46 UTC,35.7096,-74.93715,0.00322707703972904,2018-02-27 03:23:38,-0.0137864691740081,2018-02-27 03:23:38,0.00322707703972904,2018-02-27 03:23:38,-0.0137864691740081,2018-02-27 03:23:38
130,modena,2018-02-27 06:25:18,2018-02-27 06:25:18 UTC,2018-02-27 06:25:18 UTC,2018-02-27 06:24:35,2018-02-27 06:24:35 UTC,35.701366666666665,-74.94541666666667,-0.00372552777728366,2018-02-27 06:24:31,-0.0198121465419694,2018-02-27 06:24:31,-0.00372552777728366,2018-02-27 06:24:31,-0.0198121465419694,2018-02-27 06:24:31
131,modena,2018-02-27 09:23:39,2018-02-27 09:23:39 UTC,2018-02-27 09:23:39 UTC,2018-02-27 09:22:51,2018-02-27 09:22:51 UTC,35.70365,-74.95545,-0.000781136199360222,2018-02-27 09:22:52,-0.000369126258582556,2018-02-27 09:22:52,-0.000781136199360222,2018-02-27 09:22:52,-0.000369126258582556,2018-02-27 09:22:52
132,modena,2018-02-27 12:25:11,2018-02-27 12:25:11 UTC,2018-02-27 12:25:11 UTC,2018-02-27 12:24:25,2018-02-27 12:24:25 UTC,35.71276666666667,-74.95511666666667,0.00728310061065785,2018-02-27 12:24:24,-0.0112488746143551,2018-02-27 12:24:24,0.00728310061065785,2018-02-27 12:24:24,-0.0112488746143551,2018-02-27 12:24:24
133,modena,2018-02-27 15:23:48,2018-02-27 15:23:48 UTC,2018-02-27 15:23:48 UTC,2018-02-27 15:23:01,2018-02-27 15:23:01 UTC,35.71895,-74.95385,0.00337225145575018,2018-02-27 15:23:03,-0.0135311756530906,2018-02-27 15:23:03,0.00337225145575018,2018-02-27 15:23:03,-0.0135311756530906,2018-02-27 15:23:03
134,modena,2018-02-27 18:21:55,2018-02-27 18:21:55 UTC,2018-02-27 18:21:55 UTC,2018-02-27 18:21:11,2018-02-27 18:21:11 UTC,35.69858333333333,-74.97409999999999,0.00245333896202205,2018-02-27 18:21:04,-0.0116999703429671,2018-02-27 18:21:04,0.00245333896202205,2018-02-27 18:21:04,-0.0116999703429671,2018-02-27 18:21:04
135,modena,2018-02-27 21:23:58,2018-02-27 21:23:58 UTC,2018-02-27 21:23:58 UTC,2018-02-27 21:23:10,2018-02-27 21:23:10 UTC,35.6886,-74.9968,-0.00247080696744695,2018-02-27 21:23:12,-0.00489854318445225,2018-02-27 21:23:12,-0.00247080696744695,2018-02-27 21:23:11,-0.00489854318445225,2018-02-27 21:23:11
136,modena,2018-02-28 00:23:12,2018-02-28 00:23:12 UTC,2018-02-28 00:23:12 UTC,2018-02-28 00:22:30,2018-02-28 00:22:30 UTC,35.679516666666665,-75.00836666666666,0.00118064130452754,2018-02-28 00:22:30,-0.00162521175012444,2018-02-28 00:22:30,0.00118064130452754,2018-02-28 00:22:29,-0.00162521175012444,2018-02-28 00:22:29
137,modena,2018-02-28 03:24:30,2018-02-28 03:24:30 UTC,2018-02-28 03:24:30 UTC,2018-02-28 03:23:46,2018-02-28 03:23:46 UTC,35.672133333333335,-75.01031666666667,0.00102356014904064,2018-02-28 03:23:43,-0.012707861030562,2018-02-28 03:23:43,0.00102356014904064,2018-02-28 03:23:43,-0.012707861030562,2018-02-28 03:23:43
138,modena,2018-02-28 06:25:24,2018-02-28 06:25:24 UTC,2018-02-28 06:25:24 UTC,2018-02-28 06:24:44,2018-02-28 06:24:44 UTC,35.669716666666666,-75.01866666666666,0.00298159622966411,2018-02-28 06:24:37,-0.0097207849620215,2018-02-28 06:24:37,0.00298159622966411,2018-02-28 06:24:37,-0.0097207849620215,2018-02-28 06:24:37
139,modena,2018-02-28 09:24:27,2018-02-28 09:24:27 UTC,2018-02-28 09:24:27 UTC,2018-02-28 09:22:45,2018-02-28 09:22:45 UTC,35.672866666666664,-75.03666666666666,-0.000969268219635236,2018-02-28 09:22:42,0.00299716568664719,2018-02-28 09:22:42,-0.000969268219635236,2018-02-28 09:22:42,0.00299716568664719,2018-02-28 09:22:42
140,modena,2018-02-28 12:24:06,2018-02-28 12:24:06 UTC,2018-02-28 12:24:06 UTC,2018-02-28 12:23:19,2018-02-28 12:23:19 UTC,35.66813333333333,-75.05706666666667,0.0180269605147973,2018-02-28 12:23:21,-0.00105694054308188,2018-02-28 12:23:21,0.0180269605147973,2018-02-28 12:23:21,-0.00105694054308188,2018-02-28 12:23:21
141,modena,2018-02-28 12:34:22,2018-02-28 12:34:22 UTC,2018-02-28 12:34:22 UTC,2018-02-28 12:23:19,2018-02-28 12:23:19 UTC,35.66813333333333,-75.05706666666667,0.0180269605147973,2018-02-28 12:23:21,-0.00105694054308188,2018-02-28 12:23:21,0.0180269605147973,2018-02-28 12:23:21,-0.00105694054308188,2018-02-28 12:23:21
142,modena,2018-02-28 15:21:51,2018-02-28 15:21:51 UTC,2018-02-28 15:21:51 UTC,2018-02-28 15:19:34,2018-02-28 15:19:34 UTC,35.661316666666664,-75.06135,-0.000184514986669923,2018-02-28 15:19:35,-0.000171754444971275,2018-02-28 15:19:35,-0.000184514986669923,2018-02-28 15:19:35,-0.000171754444971275,2018-02-28 15:19:35
143,modena,2018-02-28 18:24:39,2018-02-28 18:24:39 UTC,2018-02-28 18:24:39 UTC,2018-02-28 18:23:55,2018-02-28 18:23:55 UTC,35.6545,-75.06513333333334,0.00512813825710491,2018-02-28 18:23:48,-0.00192183940313579,2018-02-28 18:23:48,0.00512813825710491,2018-02-28 18:23:48,-0.00192183940313579,2018-02-28 18:23:48
144,modena,2018-02-28 21:25:12,2018-02-28 21:25:12 UTC,2018-02-28 21:25:12 UTC,2018-02-28 21:24:25,2018-02-28 21:24:25 UTC,35.65363333333333,-75.07145,0.014087443411941,2018-02-28 21:24:21,0.00733800439743878,2018-02-28 21:24:21,0.014087443411941,2018-02-28 21:24:21,0.00733800439743878,2018-02-28 21:24:21
145,modena,2018-03-01 00:24:07,2018-03-01 00:24:07 UTC,2018-03-01 00:24:07 UTC,2018-03-01 00:23:15,2018-03-01 00:23:15 UTC,35.6558,-75.06311666666667,-0.000809876698751921,2018-03-01 00:23:15,0.000853627583033547,2018-03-01 00:23:15,-0.000809876698751921,2018-03-01 00:23:14,0.000853627583033547,2018-03-01 00:23:14
146,modena,2018-03-01 03:25:10,2018-03-01 03:25:10 UTC,2018-03-01 03:25:10 UTC,2018-03-01 03:24:20,2018-03-01 03:24:20 UTC,35.655366666666666,-75.04546666666667,-0.000809876698751921,,0.000853627583033547,2018-03-01 00:23:15,0.0196585818213497,2018-03-01 03:23:15,-0.0102865489135178,2018-03-01 03:23:15
147,modena,2018-03-01 06:23:15,2018-03-01 06:23:15 UTC,2018-03-01 06:23:15 UTC,2018-03-01 06:22:36,2018-03-01 06:22:36 UTC,35.653933333333335,-75.03518333333334,0.00107238661715111,2018-03-01 06:22:33,-0.00776350736831557,2018-03-01 06:22:33,0.00107238661715111,2018-03-01 06:22:33,-0.00776350736831557,2018-03-01 06:22:32
148,modena,2018-03-01 09:25:54,2018-03-01 09:25:54 UTC,2018-03-01 09:25:54 UTC,2018-03-01 09:25:15,2018-03-01 09:25:15 UTC,35.65675,-75.04126666666667,0.0129221747392302,2018-03-01 09:25:12,0.01354398219018,2018-03-01 09:25:12,0.0129221747392302,2018-03-01 09:25:11,0.01354398219018,2018-03-01 09:25:11
149,modena,2018-03-01 12:26:24,2018-03-01 12:26:24 UTC,2018-03-01 12:26:24 UTC,2018-03-01 12:25:45,2018-03-01 12:25:45 UTC,35.67561666666667,-75.04243333333334,0.00912308564751871,2018-03-01 12:25:42,0.0149887392427497,2018-03-01 12:25:42,0.00912308564751871,2018-03-01 12:25:41,0.0149887392427497,2018-03-01 12:25:41
150,modena,2018-03-01 15:24:33,2018-03-01 15:24:33 UTC,2018-03-01 15:24:33 UTC,2018-03-01 15:23:49,2018-03-01 15:23:49 UTC,35.68756666666667,-75.0373,0.00912308564751871,2018-03-01 12:25:42,0.0149887392427497,2018-03-01 12:25:42,0.0244013155148001,2018-03-01 15:22:40,0.00951808289765098,2018-03-01 15:22:40
151,modena,2018-03-01 18:25:07,2018-03-01 18:25:07 UTC,2018-03-01 18:25:07 UTC,2018-03-01 18:24:16,2018-03-01 18:24:16 UTC,35.701933333333336,-75.04233333333333,0.0185463285624332,2018-03-01 15:43:45,0.0101540654910617,2018-03-01 15:43:45,0.0344497918351048,2018-03-01 18:23:04,0.0213650941055465,2018-03-01 18:23:04
152,modena,2018-03-01 21:25:51,2018-03-01 21:25:51 UTC,2018-03-01 21:25:51 UTC,2018-03-01 21:25:09,2018-03-01 21:25:09 UTC,35.716033333333336,-75.06731666666667,0.0294424511462686,2018-03-01 18:37:11,0.0225098397583974,2018-03-01 18:37:11,0.0372966984148315,2018-03-01 21:24:02,0.135070165451409,2018-03-01 21:24:02
153,modena,2018-03-02 00:25:19,2018-03-02 00:25:19 UTC,2018-03-02 00:25:19 UTC,2018-03-02 00:24:31,2018-03-02 00:24:31 UTC,35.732866666666666,-75.09518333333334,0.0343547874717805,2018-03-01 21:39:26,0.133852092298807,2018-03-01 21:39:26,0.0115296121441492,2018-03-02 00:23:22,0.0140115615466245,2018-03-02 00:23:22
154,modena,2018-03-02 03:24:58,2018-03-02 03:24:58 UTC,2018-03-02 03:24:58 UTC,2018-03-02 03:24:14,2018-03-02 03:24:14 UTC,35.74285,-75.10686666666666,0.00745865492001528,2018-03-02 00:31:44,0.0121019398785104,2018-03-02 00:31:44,0.0571692667604024,2018-03-02 03:23:03,0.0424973092131886,2018-03-02 03:23:03
155,modena,2018-03-02 06:26:46,2018-03-02 06:26:46 UTC,2018-03-02 06:26:46 UTC,2018-03-02 06:26:04,2018-03-02 06:26:04 UTC,35.72266666666667,-75.09241666666667,0.0483012118645853,2018-03-02 03:48:36,0.0419711458634273,2018-03-02 03:48:36,0.0363990151452593,2018-03-02 06:24:57,-0.0215248254437036,2018-03-02 06:24:57
156,modena,2018-03-02 09:26:59,2018-03-02 09:26:59 UTC,2018-03-02 09:26:59 UTC,2018-03-02 09:26:20,2018-03-02 09:26:20 UTC,35.70288333333333,-75.11975,0.0319999860918365,,-0.0194511847814719,,-0.028906159154331,2018-03-02 09:25:10,0.00476049237462988,2018-03-02 09:25:10
157,modena,2018-03-02 09:39:15,2018-03-02 09:39:15 UTC,2018-03-02 09:39:15 UTC,2018-03-02 09:26:20,2018-03-02 09:26:20 UTC,35.70288333333333,-75.11975,0.0319999860918365,2018-03-02 06:38:59,-0.0194511847814719,2018-03-02 06:38:59,-0.028906159154331,2018-03-02 09:25:10,0.00476049237462988,2018-03-02 09:25:10
158,modena,2018-03-02 12:24:41,2018-03-02 12:24:41 UTC,2018-03-02 12:24:41 UTC,2018-03-02 12:23:55,2018-03-02 12:23:55 UTC,35.68398333333333,-75.14373333333333,-0.0320467519250491,2018-03-02 09:44:40,0.00835132734706391,2018-03-02 09:44:40,-0.069510261030367,2018-03-02 12:22:47,-0.00820770762796316,2018-03-02 12:22:47
159,modena,2018-03-02 15:26:42,2018-03-02 15:26:42 UTC,2018-03-02 15:26:42 UTC,2018-03-02 15:25:54,2018-03-02 15:25:54 UTC,35.65496666666667,-75.15993333333333,-0.0736239687653168,2018-03-02 12:37:31,-0.00260216157153543,2018-03-02 12:37:31,0.00157658868228416,2018-03-02 15:24:49,-0.0357303652364918,2018-03-02 15:24:49
160,modena,2018-03-02 18:24:30,2018-03-02 18:24:30 UTC,2018-03-02 18:24:30 UTC,2018-03-02 18:23:46,2018-03-02 18:23:46 UTC,35.629266666666666,-75.16576666666667,-0.00759175125154339,2018-03-02 18:23:39,-0.0440977598038783,2018-03-02 18:23:39,-0.00759175125154339,2018-03-02 18:23:39,-0.0440977598038783,2018-03-02 18:23:39
161,modena,2018-03-03 00:25:25,2018-03-03 00:25:25 UTC,2018-03-03 00:25:25 UTC,2018-03-03 00:24:45,2018-03-03 00:24:45 UTC,35.58423333333333,-75.17875,-0.0274657464790191,2018-03-02 21:25:44,-0.01118629078191,2018-03-02 21:25:44,-0.00910096731787489,2018-03-03 00:23:35,-0.0242821171795832,2018-03-03 00:23:35
162,modena,2018-03-03 03:24:44,2018-03-03 03:24:44 UTC,2018-03-03 03:24:44 UTC,2018-03-03 03:23:59,2018-03-03 03:23:59 UTC,35.54931666666667,-75.18753333333333,-0.00997955524359295,2018-03-03 00:46:30,-0.0191350063527954,2018-03-03 00:46:30,-0.00916067888092333,2018-03-03 03:22:54,-0.0395505744871179,2018-03-03 03:22:54
163,modena,2018-03-03 04:48:08,2018-03-03 04:48:08 UTC,2018-03-03 04:48:08 UTC,2018-03-03 04:46:48,2018-03-03 04:46:48 UTC,35.526,-75.1877,-0.0106386803377095,2018-03-03 03:37:45,-0.0323435128185686,2018-03-03 03:37:45,-0.0106386803377095,2018-03-03 03:37:44,-0.0323435128185686,2018-03-03 03:37:44
164,modena,2018-03-03 08:03:26,2018-03-03 08:03:26 UTC,2018-03-03 08:03:26 UTC,2018-03-03 08:02:45,2018-03-03 08:02:45 UTC,35.456833333333336,-75.20843333333333,-0.0106386803377095,,-0.0323435128185686,,0.0020494267003662,2018-03-03 08:01:39,-0.0261438993797009,2018-03-03 08:01:39
165,modena,2018-03-03 11:04:36,2018-03-03 11:04:36 UTC,2018-03-03 11:04:36 UTC,2018-03-03 11:03:44,2018-03-03 11:03:44 UTC,35.39373333333333,-75.2349,0.0030313530837635,2018-03-03 08:31:35,-0.0149190597743992,2018-03-03 08:31:34,-0.0119795830507773,2018-03-03 11:02:39,-0.0287299037065815,2018-03-03 11:02:39
166,modena,2018-03-03 14:01:43,2018-03-03 14:01:43 UTC,2018-03-03 14:01:43 UTC,2018-03-03 14:00:56,2018-03-03 14:00:56 UTC,35.337916666666665,-75.26688333333334,-0.00559777120910999,2018-03-03 14:00:43,-0.0250907452886498,2018-03-03 14:00:43,-0.00559777120910999,2018-03-03 14:00:42,-0.0250907452886498,2018-03-03 14:00:42
167,modena,2018-03-03 17:04:05,2018-03-03 17:04:05 UTC,2018-03-03 17:04:05 UTC,2018-03-03 17:03:20,2018-03-03 17:03:20 UTC,35.27636666666667,-75.29175,-0.00559777120910999,,-0.0250907452886498,2018-03-03 14:00:42,-0.0213313635255736,2018-03-03 17:02:12,-0.092944610516241,2018-03-03 17:02:12
168,modena,2018-03-03 20:04:18,2018-03-03 20:04:18 UTC,2018-03-03 20:04:18 UTC,2018-03-03 20:03:39,2018-03-03 20:03:39 UTC,35.2173,-75.3188,-0.0185606794209599,2018-03-03 17:18:06,-0.0768839306559405,2018-03-03 17:18:06,-0.211211608126341,2018-03-03 20:02:29,-0.54547330664003,2018-03-03 20:02:29
169,modena,2018-03-03 22:11:36,2018-03-03 22:11:36 UTC,2018-03-03 22:11:36 UTC,2018-03-03 20:25:45,2018-03-03 20:25:45 UTC,35.2076,-75.32215,-0.208042541701876,2018-03-03 20:18:25,-0.537814498751217,2018-03-03 20:18:25,-0.208042541701876,2018-03-03 20:18:25,-0.537814498751217,2018-03-03 20:18:25
170,modena,2018-03-03 22:46:36,2018-03-03 22:46:36 UTC,2018-03-03 22:46:36 UTC,2018-03-03 22:43:39,2018-03-03 22:43:39 UTC,35.15591666666667,-75.34573333333333,0.0,,0.0,,0.0,,0.0,
171,modena,2018-03-03 22:50:11,2018-03-03 22:50:11 UTC,2018-03-03 22:50:11 UTC,2018-03-03 22:49:25,2018-03-03 22:49:25 UTC,35.15298333333333,-75.34633333333333,0.0,,0.0,,0.0,,0.0,
172,modena,2018-03-03 23:35:36,2018-03-03 23:35:36 UTC,2018-03-03 23:35:36 UTC,2018-03-03 22:49:25,2018-03-03 22:49:25 UTC,35.15298333333333,-75.34633333333333,0.0,,0.0,,0.0,,0.0,
173,modena,2018-03-03 23:49:00,2018-03-03 23:49:00 UTC,2018-03-03 23:49:00 UTC,2018-03-03 23:48:20,2018-03-03 23:48:20 UTC,35.1199,-75.35645,0.0,,0.0,,0.0,,0.0,
174,modena,2018-03-03 23:54:56,2018-03-03 23:54:56 UTC,2018-03-03 23:54:56 UTC,2018-03-03 23:48:20,2018-03-03 23:48:20 UTC,35.1199,-75.35645,0.0,,0.0,,0.0,,0.0,
175,modena,2018-03-04 00:19:26,2018-03-04 00:19:26 UTC,2018-03-04 00:19:26 UTC,2018-03-03 23:48:20,2018-03-03 23:48:20 UTC,35.1199,-75.35645,0.0,,0.0,,0.0,,0.0,
176,modena,2018-03-04 00:51:31,2018-03-04 00:51:31 UTC,2018-03-04 00:51:31 UTC,2018-03-04 00:50:49,2018-03-04 00:50:49 UTC,35.08651666666667,-75.37073333333333,0.0,,0.0,,0.0,,0.0,
177,modena,2018-03-04 01:52:40,2018-03-04 01:52:40 UTC,2018-03-04 01:52:40 UTC,2018-03-04 01:51:54,2018-03-04 01:51:54 UTC,35.0582,-75.38138333333333,0.0,,0.0,,0.0,,0.0,
178,modena,2018-03-04 01:55:07,2018-03-04 01:55:07 UTC,2018-03-04 01:55:07 UTC,2018-03-04 01:51:54,2018-03-04 01:51:54 UTC,35.0582,-75.38138333333333,0.0,,0.0,,0.0,,0.0,
179,modena,2018-03-04 02:04:41,2018-03-04 02:04:41 UTC,2018-03-04 02:04:41 UTC,2018-03-04 01:51:54,2018-03-04 01:51:54 UTC,,,,,,,,,,
180,modena,2018-03-04 02:09:26,2018-03-04 02:09:26 UTC,2018-03-04 02:09:26 UTC,2018-03-04 01:51:54,2018-03-04 01:51:54 UTC,,,,,,,,,,
181,modena,2018-03-04 02:12:13,2018-03-04 02:12:13 UTC,2018-03-04 02:12:13 UTC,2018-03-04 01:51:54,2018-03-04 01:51:54 UTC,,,,,,,,,,
182,modena,2018-03-04 02:15:00,2018-03-04 02:15:00 UTC,2018-03-04 02:15:00 UTC,2018-03-04 01:51:54,2018-03-04 01:51:54 UTC,,,,,,,,,,
183,modena,2018-03-04 02:21:01,2018-03-04 02:21:01 UTC,2018-03-04 02:21:01 UTC,2018-03-04 02:19:05,2018-03-04 02:19:05 UTC,35.04675,-75.3829,0.0,,0.0,,0.0,,0.0,
184,modena,2018-03-04 02:24:28,2018-03-04 02:24:28 UTC,2018-03-04 02:24:28 UTC,2018-03-04 02:19:04,2018-03-04 02:19:04 UTC,35.04675,-75.3829,0.0,,0.0,,0.0,,0.0,
185,modena,2018-03-04 02:33:00,2018-03-04 02:33:00 UTC,2018-03-04 02:33:00 UTC,2018-03-04 02:19:05,2018-03-04 02:19:05 UTC,35.04675,-75.3829,0.0,,0.0,,0.0,,0.0,
186,modena,2018-03-04 02:35:06,2018-03-04 02:35:06 UTC,2018-03-04 02:35:06 UTC,2018-03-04 02:19:05,2018-03-04 02:19:05 UTC,35.04675,-75.3829,0.0,,0.0,,0.0,,0.0,
187,modena,2018-03-04 03:12:47,2018-03-04 03:12:47 UTC,2018-03-04 03:12:47 UTC,2018-03-04 03:12:00,2018-03-04 03:12:00 UTC,35.0292,-75.38926666666667,-0.342967443791796,2018-03-04 03:12:02,-0.364111922618476,2018-03-04 03:12:02,-0.342967443791796,2018-03-04 03:12:01,-0.364111922618476,2018-03-04 03:12:01
188,modena,2018-03-04 04:05:05,2018-03-04 04:05:05 UTC,2018-03-04 04:05:05 UTC,2018-03-04 03:11:59,2018-03-04 03:11:59 UTC,35.0292,-75.38926666666667,-0.342967443791796,2018-03-04 03:12:01,-0.364111922618476,2018-03-04 03:12:01,-0.342967443791796,2018-03-04 03:12:01,-0.364111922618476,2018-03-04 03:12:01
189,modena,2018-03-04 06:13:53,2018-03-04 06:13:53 UTC,2018-03-04 06:13:53 UTC,2018-03-04 06:13:09,2018-03-04 06:13:09 UTC,34.98585,-75.42451666666666,-0.342967443791796,,-0.364111922618476,,-0.295013995618756,2018-03-04 06:11:58,-0.19903059662545,2018-03-04 06:11:58
190,modena,2018-03-04 06:33:07,2018-03-04 06:33:07 UTC,2018-03-04 06:33:07 UTC,2018-03-04 06:13:10,2018-03-04 06:13:10 UTC,34.98585,-75.42451666666666,-0.294418291932789,2018-03-04 06:32:09,-0.198538183610386,2018-03-04 06:32:09,-0.294418291932789,2018-03-04 06:32:09,-0.198538183610386,2018-03-04 06:32:08
191,modena,2018-03-04 10:51:37,2018-03-04 10:51:37 UTC,2018-03-04 10:51:37 UTC,2018-03-04 10:50:54,2018-03-04 10:50:54 UTC,34.944,-75.48885,-0.294418291932789,,-0.198538183610386,,-0.392058862415908,2018-03-04 10:49:44,-0.148210325776617,2018-03-04 10:49:44
192,modena,2018-03-04 11:18:15,2018-03-04 11:18:15 UTC,2018-03-04 11:18:15 UTC,2018-03-04 10:50:54,2018-03-04 10:50:54 UTC,34.944,-75.48885,-0.391864776266935,2018-03-04 11:17:21,-0.148099710634021,2018-03-04 11:17:21,-0.391864776266935,2018-03-04 11:17:21,-0.148099710634021,2018-03-04 11:17:21
193,modena,2018-03-04 15:33:10,2018-03-04 15:33:10 UTC,2018-03-04 15:33:10 UTC,2018-03-04 15:32:29,2018-03-04 15:32:29 UTC,34.89738333333333,-75.5465,-0.391864776266935,,-0.148099710634021,,-0.408517293620603,2018-03-04 15:31:21,-0.188801918260028,2018-03-04 15:31:21
194,modena,2018-03-04 16:05:11,2018-03-04 16:05:11 UTC,2018-03-04 16:05:11 UTC,2018-03-04 15:32:29,2018-03-04 15:32:29 UTC,34.89738333333333,-75.5465,-0.408332935441303,2018-03-04 15:58:49,-0.188619849955212,2018-03-04 15:58:49,-0.408332935441303,2018-03-04 15:58:48,-0.188619849955212,2018-03-04 15:58:48
195,modena,2018-03-04 16:06:40,2018-03-04 16:06:40 UTC,2018-03-04 16:06:40 UTC,2018-03-04 15:32:30,2018-03-04 15:32:30 UTC,34.89738333333333,-75.5465,-0.408332935441303,2018-03-04 15:58:49,-0.188619849955212,2018-03-04 15:58:49,-0.408332935441303,2018-03-04 15:58:49,-0.188619849955212,2018-03-04 15:58:49
196,modena,2018-03-04 16:08:34,2018-03-04 16:08:34 UTC,2018-03-04 16:08:34 UTC,2018-03-04 15:32:29,2018-03-04 15:32:29 UTC,34.89738333333333,-75.5465,-0.408332935441303,2018-03-04 15:58:49,-0.188619849955212,2018-03-04 15:58:49,-0.408332935441303,2018-03-04 15:58:48,-0.188619849955212,2018-03-04 15:58:48
197,modena,2018-03-04 16:19:06,2018-03-04 16:19:06 UTC,2018-03-04 16:19:06 UTC,2018-03-04 16:18:19,2018-03-04 16:18:19 UTC,34.881116666666664,-75.5615,-0.408332935441303,2018-03-04 15:58:49,-0.188619849955212,2018-03-04 15:58:49,-0.408332935441303,2018-03-04 15:58:49,-0.188619849955212,2018-03-04 15:58:49
198,modena,2018-03-04 19:28:27,2018-03-04 19:28:27 UTC,2018-03-04 19:28:27 UTC,2018-03-04 19:27:44,2018-03-04 19:27:44 UTC,34.86025,-75.61731666666667,-0.0358539235100043,2018-03-04 19:27:41,-0.0272346804053892,2018-03-04 19:27:41,-0.0358539235100043,2018-03-04 19:27:40,-0.0272346804053892,2018-03-04 19:27:40
199,modena,2018-03-04 22:30:08,2018-03-04 22:30:08 UTC,2018-03-04 22:30:08 UTC,2018-03-04 22:29:29,2018-03-04 22:29:29 UTC,34.83978333333334,-75.67111666666666,-0.05556060550028,2018-03-04 22:29:30,-0.0280555226819969,2018-03-04 22:29:30,-0.05556060550028,2018-03-04 22:29:30,-0.0280555226819969,2018-03-04 22:29:30
200,modena,2018-03-05 01:32:12,2018-03-05 01:32:12 UTC,2018-03-05 01:32:12 UTC,2018-03-05 01:30:26,2018-03-05 01:30:26 UTC,34.83275,-75.70075,-0.05556060550028,2018-03-04 22:29:31,-0.0280555226819969,2018-03-04 22:29:31,-0.0149638833311442,2018-03-05 01:29:18,-0.00951157646886455,2018-03-05 01:29:18
201,modena,2018-03-05 04:29:16,2018-03-05 04:29:16 UTC,2018-03-05 04:29:16 UTC,2018-03-05 04:28:30,2018-03-05 04:28:30 UTC,34.8046,-75.75073333333333,-0.0122215852745411,2018-03-05 01:50:36,-0.00695575704287042,2018-03-05 01:50:36,-0.259283220215682,2018-03-05 04:27:21,-0.26821146927372,2018-03-05 04:27:21
202,modena,2018-03-05 07:26:02,2018-03-05 07:26:02 UTC,2018-03-05 07:26:02 UTC,2018-03-05 07:25:10,2018-03-05 07:25:10 UTC,34.79306666666667,-75.77698333333333,-0.0331285841329171,2018-03-05 07:25:07,-0.0319705681073812,2018-03-05 07:25:07,-0.0331285841329171,2018-03-05 07:25:07,-0.0319705681073812,2018-03-05 07:25:07
203,modena,2018-03-05 10:31:15,2018-03-05 10:31:15 UTC,2018-03-05 10:31:15 UTC,2018-03-05 10:30:25,2018-03-05 10:30:25 UTC,34.78176666666667,-75.8242,-0.0331285841329171,2018-03-05 07:25:07,-0.0319705681073812,2018-03-05 07:25:07,-0.281811424191582,2018-03-05 10:29:16,-0.168400553762429,2018-03-05 10:29:16
204,modena,2018-03-05 13:31:46,2018-03-05 13:31:46 UTC,2018-03-05 13:31:46 UTC,2018-03-05 13:30:55,2018-03-05 13:30:55 UTC,34.77803333333333,-75.86298333333333,-0.2784381292124,2018-03-05 10:45:47,-0.165399988068975,2018-03-05 10:45:47,-0.169999019034322,2018-03-05 13:29:50,-0.076628219722617,2018-03-05 13:29:50
205,modena,2018-03-05 16:29:45,2018-03-05 16:29:45 UTC,2018-03-05 16:29:45 UTC,2018-03-05 16:28:59,2018-03-05 16:28:59 UTC,34.76096666666667,-75.89821666666667,-0.16394444517282,2018-03-05 13:45:15,-0.0707839206091181,2018-03-05 13:45:15,-0.160643927081318,2018-03-05 16:27:47,-0.140214135801024,2018-03-05 16:27:47
206,modena,2018-03-05 19:31:46,2018-03-05 19:31:46 UTC,2018-03-05 19:31:46 UTC,2018-03-05 19:31:04,2018-03-05 19:31:04 UTC,34.75646666666667,-75.91935,-0.1562321180701,2018-03-05 16:46:37,-0.134176913488032,2018-03-05 16:46:37,-0.234048804782641,2018-03-05 19:29:56,-0.204009195180968,2018-03-05 19:29:56
207,modena,2018-03-05 22:30:04,2018-03-05 22:30:04 UTC,2018-03-05 22:30:04 UTC,2018-03-05 22:29:20,2018-03-05 22:29:20 UTC,34.75581666666667,-75.93866666666666,-0.228650662333997,2018-03-05 19:45:23,-0.198775242239436,2018-03-05 19:45:23,-0.276428348312952,2018-03-05 22:28:10,-0.138625941239693,2018-03-05 22:28:10
208,modena,2018-03-05 22:37:07,2018-03-05 22:37:07 UTC,2018-03-05 22:37:07 UTC,2018-03-05 22:29:21,2018-03-05 22:29:21 UTC,34.75581666666667,-75.93866666666666,-0.228650662333997,2018-03-05 19:45:23,-0.198775242239436,2018-03-05 19:45:23,-0.276428348312952,2018-03-05 22:28:10,-0.138625941239693,2018-03-05 22:28:10
209,modena,2018-03-06 01:31:48,2018-03-06 01:31:48 UTC,2018-03-06 01:31:48 UTC,2018-03-06 01:31:04,2018-03-06 01:31:04 UTC,34.76266666666667,-75.96261666666666,-0.272845586426272,2018-03-05 22:48:06,-0.136622937196948,2018-03-05 22:48:06,-0.253992680284496,2018-03-06 01:29:55,-0.0817787841922211,2018-03-06 01:29:55
210,modena,2018-03-06 04:30:56,2018-03-06 04:30:56 UTC,2018-03-06 04:30:56 UTC,2018-03-06 04:30:10,2018-03-06 04:30:10 UTC,34.763083333333334,-75.9704,-0.250331587100663,2018-03-06 01:47:08,-0.0814284262414819,2018-03-06 01:47:08,-0.224435276123382,2018-03-06 04:29:01,-0.119102931611943,2018-03-06 04:29:01
211,modena,2018-03-06 07:29:34,2018-03-06 07:29:34 UTC,2018-03-06 07:29:34 UTC,2018-03-06 07:28:55,2018-03-06 07:28:55 UTC,34.75696666666666,-75.97696666666667,-0.221167396122455,2018-03-06 04:47:10,-0.116754450641395,2018-03-06 04:47:10,-0.252826069839287,2018-03-06 07:27:45,-0.161678534707596,2018-03-06 07:27:45
212,modena,2018-03-06 10:31:37,2018-03-06 10:31:37 UTC,2018-03-06 10:31:37 UTC,2018-03-06 10:30:54,2018-03-06 10:30:54 UTC,34.753616666666666,-75.98953333333333,-0.249395062588789,2018-03-06 07:41:58,-0.15956090129113,2018-03-06 07:41:58,-0.292062171345565,2018-03-06 10:29:47,-0.128427702691851,2018-03-06 10:29:47
213,modena,2018-03-06 13:34:16,2018-03-06 13:34:16 UTC,2018-03-06 13:34:16 UTC,2018-03-06 13:33:29,2018-03-06 13:33:29 UTC,34.759033333333335,-76.02271666666667,-0.288244123493473,2018-03-06 10:49:16,-0.12688646232976,2018-03-06 10:49:16,-0.251501709980762,2018-03-06 13:32:22,-0.0852553300252538,2018-03-06 13:32:22
214,modena,2018-03-06 16:29:08,2018-03-06 16:29:08 UTC,2018-03-06 16:29:08 UTC,2018-03-06 16:28:24,2018-03-06 16:28:24 UTC,34.76566666666667,-76.0284,-0.247837643576946,2018-03-06 13:46:05,-0.0834207995864627,2018-03-06 13:46:05,-0.168877094574817,2018-03-06 16:27:19,-0.0692361131357515,2018-03-06 16:27:19
215,modena,2018-03-06 19:32:03,2018-03-06 19:32:03 UTC,2018-03-06 19:32:03 UTC,2018-03-06 19:31:21,2018-03-06 19:31:21 UTC,34.767633333333336,-76.027,-0.165852799593364,2018-03-06 16:41:02,-0.0659895094287254,2018-03-06 16:41:02,-0.143465655521327,2018-03-06 19:30:09,-0.0979166307206931,2018-03-06 19:30:09
216,modena,2018-03-06 22:31:21,2018-03-06 22:31:21 UTC,2018-03-06 22:31:21 UTC,2018-03-06 22:30:39,2018-03-06 22:30:39 UTC,34.7647,-76.03421666666667,-0.137526740759668,2018-03-06 20:11:01,-0.0955543092288094,2018-03-06 20:11:01,-0.182877517313556,2018-03-06 22:29:31,-0.108744041423125,2018-03-06 22:29:31
217,modena,2018-03-07 01:31:54,2018-03-07 01:31:54 UTC,2018-03-07 01:31:54 UTC,2018-03-07 01:31:11,2018-03-07 01:31:11 UTC,34.77003333333333,-76.03206666666667,-0.179557616121916,2018-03-06 22:43:01,-0.107811646967077,2018-03-06 22:43:01,-0.159727211427368,2018-03-07 01:30:00,-0.0638625795135884,2018-03-07 01:30:00
218,modena,2018-03-07 04:35:40,2018-03-07 04:35:40 UTC,2018-03-07 04:35:40 UTC,2018-03-07 04:35:01,2018-03-07 04:35:01 UTC,34.7835,-76.04375,-0.15923151513417,2018-03-07 01:48:16,-0.0618488761512938,2018-03-07 01:48:16,-0.0979749766421442,2018-03-07 04:33:49,-0.0546099314875547,2018-03-07 04:33:49
219,modena,2018-03-07 07:33:51,2018-03-07 07:33:51 UTC,2018-03-07 07:33:51 UTC,2018-03-07 07:33:09,2018-03-07 07:33:09 UTC,34.79026666666667,-76.04513333333334,-0.0969373432438018,2018-03-07 04:48:17,-0.052946747677031,,-0.0982958047683531,2018-03-07 07:32:01,-0.124494051653434,2018-03-07 07:32:01
220,modena,2018-03-07 10:34:15,2018-03-07 10:34:15 UTC,2018-03-07 10:34:15 UTC,2018-03-07 10:33:29,2018-03-07 10:33:29 UTC,34.79935,-76.05226666666667,-0.0977513563479237,,-0.122028477529583,2018-03-07 07:46:07,-0.107155649526412,2018-03-07 10:32:19,-0.113732135290242,2018-03-07 10:32:19
221,modena,2018-03-07 13:31:46,2018-03-07 13:31:46 UTC,2018-03-07 13:31:46 UTC,2018-03-07 13:30:59,2018-03-07 13:30:59 UTC,34.81013333333333,-76.05506666666666,-0.107242526514002,2018-03-07 10:52:44,-0.110369834772417,2018-03-07 10:52:44,-0.117936568407708,2018-03-07 13:29:48,-0.0464726906188811,2018-03-07 13:29:48
222,modena,2018-03-07 16:34:03,2018-03-07 16:34:03 UTC,2018-03-07 16:34:03 UTC,2018-03-07 16:32:21,2018-03-07 16:32:21 UTC,34.823933333333336,-76.04901666666666,-0.116355949811909,2018-03-07 13:37:50,-0.043270329199067,2018-03-07 13:37:50,-0.0630547454554382,2018-03-07 16:31:10,-0.0263343621016046,2018-03-07 16:31:10
223,modena,2018-03-07 17:01:55,2018-03-07 17:01:55 UTC,2018-03-07 17:01:55 UTC,2018-03-07 16:32:21,2018-03-07 16:32:21 UTC,34.823933333333336,-76.04901666666666,-0.0630556543034325,2018-03-07 17:00:17,-0.0262406508938519,2018-03-07 17:00:17,-0.0630556543034325,2018-03-07 17:00:17,-0.0262406508938519,2018-03-07 17:00:17
224,modena,2018-03-07 17:03:18,2018-03-07 17:03:18 UTC,2018-03-07 17:03:18 UTC,2018-03-07 16:32:21,2018-03-07 16:32:21 UTC,34.823933333333336,-76.04901666666666,-0.0630556543034325,2018-03-07 17:00:17,-0.0262406508938519,2018-03-07 17:00:17,-0.0630556543034325,2018-03-07 17:00:17,-0.0262406508938519,2018-03-07 17:00:17
225,modena,2018-03-07 20:17:28,2018-03-07 20:17:28 UTC,2018-03-07 20:17:28 UTC,2018-03-07 20:16:31,2018-03-07 20:16:31 UTC,34.83683333333333,-76.04003333333333,-0.0630556543034325,,-0.0262406508938519,,-0.0168072694559482,2018-03-07 20:15:20,-0.0358733737607284,2018-03-07 20:15:20
226,modena,2018-03-07 23:14:33,2018-03-07 23:14:33 UTC,2018-03-07 23:14:33 UTC,2018-03-07 23:13:54,2018-03-07 23:13:54 UTC,34.85321666666667,-76.0387,-0.017143354733233,2018-03-07 20:41:34,-0.0333403615763217,2018-03-07 20:41:34,-0.0198395475005243,2018-03-07 23:12:44,-0.00800732126689767,2018-03-07 23:12:44
227,modena,2018-03-08 02:14:02,2018-03-08 02:14:02 UTC,2018-03-08 02:14:02 UTC,2018-03-08 02:13:19,2018-03-08 02:13:19 UTC,34.874266666666664,-76.0384,-0.0195137398903985,2018-03-07 23:26:19,-0.00712678138308829,2018-03-07 23:26:19,-0.0194391099541365,2018-03-08 02:12:08,0.0192498176898405,2018-03-08 02:12:08
228,modena,2018-03-08 05:11:58,2018-03-08 05:11:58 UTC,2018-03-08 05:11:58 UTC,2018-03-08 05:11:19,2018-03-08 05:11:19 UTC,34.894866666666665,-76.03411666666666,-0.0195010876900427,2018-03-08 02:26:06,0.0195704646055125,2018-03-08 02:26:06,0.0465534856813927,2018-03-08 05:10:09,0.0131407150862547,2018-03-08 05:10:09
229,modena,2018-03-08 05:14:18,2018-03-08 05:14:18 UTC,2018-03-08 05:14:18 UTC,2018-03-08 05:11:19,2018-03-08 05:11:19 UTC,34.894866666666665,-76.03411666666666,-0.0195010876900427,2018-03-08 02:26:06,0.0195704646055125,2018-03-08 02:26:06,0.0465534856813927,2018-03-08 05:10:09,0.0131407150862547,2018-03-08 05:10:09
230,modena,2018-03-08 08:15:42,2018-03-08 08:15:42 UTC,2018-03-08 08:15:42 UTC,2018-03-08 08:14:59,2018-03-08 08:14:59 UTC,34.90388333333333,-76.00886666666666,0.0462155460857075,2018-03-08 05:28:16,0.0154194823060891,2018-03-08 05:28:16,0.0708360329703739,2018-03-08 08:13:52,-0.00990076096343495,2018-03-08 08:13:52
231,modena,2018-03-08 11:19:15,2018-03-08 11:19:15 UTC,2018-03-08 11:19:15 UTC,2018-03-08 11:18:29,2018-03-08 11:18:29 UTC,34.91331666666667,-75.99703333333333,0.0713184399427624,2018-03-08 08:27:47,-0.00671895519976396,2018-03-08 08:27:47,0.0451779482644595,2018-03-08 11:17:20,-0.0434690139757543,2018-03-08 11:17:20
232,modena,2018-03-08 14:20:01,2018-03-08 14:20:01 UTC,2018-03-08 14:20:01 UTC,2018-03-08 14:19:18,2018-03-08 14:19:18 UTC,34.92135,-75.99321666666667,0.0478448834579695,2018-03-08 11:32:12,-0.0392264132037202,2018-03-08 11:32:12,-0.00328549174343263,2018-03-08 14:18:05,-0.041722998546568,2018-03-08 14:18:05
233,modena,2018-03-08 17:17:07,2018-03-08 17:17:07 UTC,2018-03-08 17:17:07 UTC,2018-03-08 17:16:25,2018-03-08 17:16:25 UTC,34.92418333333333,-75.99305,0.00142382123224213,2018-03-08 14:32:11,-0.038523591860047,2018-03-08 14:32:11,-0.0188773496198959,2018-03-08 17:15:16,-0.0259538031184616,2018-03-08 17:15:16
234,modena,2018-03-08 20:19:04,2018-03-08 20:19:04 UTC,2018-03-08 20:19:04 UTC,2018-03-08 20:18:18,2018-03-08 20:18:18 UTC,34.92203333333333,-76.00203333333333,-0.0140610889516529,2018-03-08 17:29:13,-0.0228324741055683,2018-03-08 17:29:13,-0.0812486494595328,2018-03-08 20:17:13,-0.0387946873079405,2018-03-08 20:17:13
235,modena,2018-03-08 23:19:36,2018-03-08 23:19:36 UTC,2018-03-08 23:19:36 UTC,2018-03-08 23:18:54,2018-03-08 23:18:54 UTC,34.918216666666666,-76.0101,-0.0746614978591918,2018-03-08 20:31:26,-0.0373716545423539,2018-03-08 20:31:26,-0.106070397531842,2018-03-08 23:17:44,-0.0357420676299364,2018-03-08 23:17:44
236,modena,2018-03-08 23:23:34,2018-03-08 23:23:34 UTC,2018-03-08 23:23:34 UTC,2018-03-08 23:18:54,2018-03-08 23:18:54 UTC,34.918216666666666,-76.0101,-0.0746614978591918,2018-03-08 20:31:26,-0.0373716545423539,2018-03-08 20:31:26,-0.106070397531842,2018-03-08 23:17:44,-0.0357420676299364,2018-03-08 23:17:44
237,modena,2018-03-09 02:18:17,2018-03-09 02:18:17 UTC,2018-03-09 02:18:17 UTC,2018-03-09 02:15:38,2018-03-09 02:15:38 UTC,34.917716666666664,-76.01015,-0.105257324945955,2018-03-08 23:25:54,-0.0330101411016487,2018-03-08 23:25:54,-0.105257324945955,2018-03-08 23:25:54,-0.0330101411016487,2018-03-08 23:25:54
238,modena,2018-03-09 05:31:12,2018-03-09 05:31:12 UTC,2018-03-09 05:31:12 UTC,2018-03-09 05:30:28,2018-03-09 05:30:28 UTC,34.901466666666664,-75.99335,-0.03930819838328,2018-03-09 02:37:25,-0.147894372376994,2018-03-09 02:37:25,-0.0377176975449618,2018-03-09 05:29:25,-0.102322026305572,2018-03-09 05:29:25
239,modena,2018-03-09 08:17:44,2018-03-09 08:17:44 UTC,2018-03-09 08:17:44 UTC,2018-03-09 08:16:58,2018-03-09 08:16:58 UTC,34.90235,-75.97666666666667,-0.0400458828255873,2018-03-09 05:53:09,-0.0960119171734638,2018-03-09 05:53:09,0.00593925282539009,2018-03-09 08:15:49,-0.0653388988734258,2018-03-09 08:15:49
240,modena,2018-03-09 11:23:13,2018-03-09 11:23:13 UTC,2018-03-09 11:23:13 UTC,2018-03-09 11:21:22,2018-03-09 11:21:22 UTC,34.89986666666667,-75.9701,0.00731287002288881,2018-03-09 08:29:54,-0.0560247742321068,2018-03-09 08:29:54,0.00731287002288881,2018-03-09 08:29:54,-0.0560247742321068,2018-03-09 08:29:54
241,modena,2018-03-09 14:20:44,2018-03-09 14:20:44 UTC,2018-03-09 14:20:44 UTC,2018-03-09 14:18:48,2018-03-09 14:18:48 UTC,34.897016666666666,-75.9709,-0.0469503139226349,2018-03-09 11:35:48,-0.10719006817823,2018-03-09 11:35:48,-0.0469503139226349,2018-03-09 11:35:47,-0.10719006817823,2018-03-09 11:35:47
242,modena,2018-03-09 17:15:32,2018-03-09 17:15:32 UTC,2018-03-09 17:15:32 UTC,2018-03-09 17:14:48,2018-03-09 17:14:48 UTC,34.91061666666667,-75.94143333333334,-0.0245806610798954,2018-03-09 14:33:10,-0.0576130410882938,2018-03-09 14:33:10,-0.0170574491111718,2018-03-09 17:13:41,0.00434445319390682,2018-03-09 17:13:41
243,modena,2018-03-09 20:14:48,2018-03-09 20:14:48 UTC,2018-03-09 20:14:48 UTC,2018-03-09 20:14:09,2018-03-09 20:14:09 UTC,34.9134,-75.91631666666666,-0.0160236015820554,2018-03-09 17:28:09,0.00664780340131856,2018-03-09 17:28:09,0.0210808315523723,2018-03-09 20:12:58,0.0246943421409407,2018-03-09 20:12:58
244,modena,2018-03-09 23:16:57,2018-03-09 23:16:57 UTC,2018-03-09 23:16:57 UTC,2018-03-09 23:16:15,2018-03-09 23:16:15 UTC,34.91308333333333,-75.88563333333333,0.0201508085615204,2018-03-09 20:27:12,0.0253086090597345,2018-03-09 20:27:12,0.0550975716732016,2018-03-09 23:15:03,0.0184404867462194,2018-03-09 23:15:03
245,modena,2018-03-10 02:17:24,2018-03-10 02:17:24 UTC,2018-03-10 02:17:24 UTC,2018-03-10 02:16:29,2018-03-10 02:16:29 UTC,34.91525,-75.8498,0.0501897002873337,2018-03-09 23:30:10,0.0184598610634613,2018-03-09 23:30:10,0.10099269745888,2018-03-10 02:15:17,0.0534050013168061,2018-03-10 02:15:17
246,modena,2018-03-10 05:18:38,2018-03-10 05:18:38 UTC,2018-03-10 05:18:38 UTC,2018-03-10 05:17:59,2018-03-10 05:17:59 UTC,34.91758333333333,-75.8123,0.0956681589902889,2018-03-10 02:30:38,0.0553357169972967,2018-03-10 02:30:38,0.144515779557,2018-03-10 05:16:48,0.0781463613432037,2018-03-10 05:16:48
247,modena,2018-03-10 08:16:38,2018-03-10 08:16:38 UTC,2018-03-10 08:16:38 UTC,2018-03-10 08:15:59,2018-03-10 08:15:59 UTC,34.91433333333333,-75.77166666666666,0.140832307302097,2018-03-10 05:31:14,0.080211518815496,2018-03-10 05:31:14,0.220032579163549,2018-03-10 08:14:48,0.0584222440202633,2018-03-10 08:14:48
248,modena,2018-03-10 11:16:48,2018-03-10 11:16:48 UTC,2018-03-10 11:16:48 UTC,2018-03-10 11:16:04,2018-03-10 11:16:04 UTC,34.90553333333333,-75.73323333333333,0.216013822585099,,0.0602109648588954,,0.223074114484979,2018-03-10 11:14:55,0.00059100434841224,2018-03-10 11:14:55
249,modena,2018-03-10 14:19:04,2018-03-10 14:19:04 UTC,2018-03-10 14:19:04 UTC,2018-03-10 14:18:20,2018-03-10 14:18:20 UTC,34.9058,-75.68545,0.219847873987638,2018-03-10 11:32:31,0.00286503927606704,2018-03-10 11:32:31,0.170181918343844,2018-03-10 14:17:10,0.0419820753369907,2018-03-10 14:17:10
250,modena,2018-03-10 17:15:42,2018-03-10 17:15:42 UTC,2018-03-10 17:15:42 UTC,2018-03-10 17:14:58,2018-03-10 17:14:58 UTC,34.9249,-75.65976666666667,0.168457759125699,2018-03-10 14:34:24,0.0431321192079614,2018-03-10 14:34:24,0.16212089599475,2018-03-10 17:13:49,0.102287302978316,2018-03-10 17:13:49
251,modena,2018-03-10 20:19:58,2018-03-10 20:19:58 UTC,2018-03-10 20:19:58 UTC,2018-03-10 20:19:15,2018-03-10 20:19:15 UTC,34.961016666666666,-75.63783333333333,0.159306654374275,2018-03-10 17:28:47,0.101966380437822,2018-03-10 17:28:47,0.188375082848578,2018-03-10 20:18:03,0.0910534854397503,2018-03-10 20:18:03
252,modena,2018-03-10 23:16:24,2018-03-10 23:16:24 UTC,2018-03-10 23:16:24 UTC,2018-03-10 23:15:45,2018-03-10 23:15:45 UTC,34.9779,-75.63901666666666,0.0339248202281116,2018-03-10 23:15:46,0.00244813152599613,2018-03-10 23:15:46,0.0339248202281116,2018-03-10 23:15:46,0.00244813152599613,2018-03-10 23:15:46
253,modena,2018-03-11 02:17:30,2018-03-11 02:17:30 UTC,2018-03-11 02:17:30 UTC,2018-03-11 02:16:51,2018-03-11 02:16:51 UTC,35.0118,-75.62166666666667,0.0339248202281116,2018-03-10 23:15:47,0.00244813152599613,2018-03-10 23:15:47,0.161609298345391,2018-03-11 02:15:41,0.0651251808382575,2018-03-11 02:15:41
254,modena,2018-03-11 05:18:25,2018-03-11 05:18:25 UTC,2018-03-11 05:18:25 UTC,2018-03-11 05:17:39,2018-03-11 05:17:39 UTC,35.03821666666666,-75.6187,0.158899823263913,,0.0658373732209769,,0.0902757460782582,2018-03-11 05:16:31,0.0875720406240394,2018-03-11 05:16:31
255,modena,2018-03-11 08:14:54,2018-03-11 08:14:54 UTC,2018-03-11 08:14:54 UTC,2018-03-11 08:14:03,2018-03-11 08:14:03 UTC,35.07018333333333,-75.60855,0.0888292030952316,2018-03-11 05:31:03,0.0894492182438468,2018-03-11 05:31:03,0.0142219704737463,2018-03-11 08:12:56,0.00630978162400345,2018-03-11 08:12:56
256,modena,2018-03-11 11:19:36,2018-03-11 11:19:36 UTC,2018-03-11 11:19:36 UTC,2018-03-11 11:18:50,2018-03-11 11:18:50 UTC,35.09941666666667,-75.59273333333333,0.0140113279222652,2018-03-11 08:27:35,0.00817061673920652,2018-03-11 08:27:35,0.155942819927826,2018-03-11 11:17:38,0.0353778867935074,2018-03-11 11:17:38
257,modena,2018-03-11 14:17:12,2018-03-11 14:17:12 UTC,2018-03-11 14:17:12 UTC,2018-03-11 14:16:25,2018-03-11 14:16:25 UTC,35.12365,-75.58138333333333,0.0299865858559856,2018-03-11 14:16:27,0.00603168879375829,2018-03-11 14:16:27,0.0299865858559856,2018-03-11 14:16:27,0.00603168879375829,2018-03-11 14:16:27
258,modena,2018-03-11 17:17:37,2018-03-11 17:17:37 UTC,2018-03-11 17:17:37 UTC,2018-03-11 17:16:54,2018-03-11 17:16:54 UTC,35.13753333333333,-75.5812,0.0299865858559856,2018-03-11 14:16:27,0.00603168879375829,2018-03-11 14:16:27,0.190379318784326,2018-03-11 17:15:45,0.0567163118488428,2018-03-11 17:15:45
259,modena,2018-03-11 17:20:55,2018-03-11 17:20:55 UTC,2018-03-11 17:20:55 UTC,2018-03-11 17:16:54,2018-03-11 17:16:54 UTC,35.13753333333333,-75.5812,0.0299865858559856,2018-03-11 14:16:27,0.00603168879375829,2018-03-11 14:16:27,0.190379318784326,2018-03-11 17:15:45,0.0567163118488428,2018-03-11 17:15:45
260,modena,2018-03-11 20:15:38,2018-03-11 20:15:38 UTC,2018-03-11 20:15:38 UTC,2018-03-11 20:14:54,2018-03-11 20:14:54 UTC,35.1366,-75.58786666666667,0.190619857513395,2018-03-11 17:23:57,0.0573691656199878,2018-03-11 17:23:57,0.172299569007494,2018-03-11 20:13:48,0.0621749513041834,2018-03-11 20:13:48
261,modena,2018-03-11 23:19:05,2018-03-11 23:19:05 UTC,2018-03-11 23:19:05 UTC,2018-03-11 23:18:24,2018-03-11 23:18:24 UTC,35.13068333333333,-75.60191666666667,0.172978369242765,2018-03-11 20:34:55,0.0630103981566781,2018-03-11 20:34:55,0.084169184504161,2018-03-11 23:17:16,0.0176524678733035,2018-03-11 23:17:16
262,modena,2018-03-12 02:18:14,2018-03-12 02:18:14 UTC,2018-03-12 02:18:14 UTC,2018-03-12 02:17:28,2018-03-12 02:17:28 UTC,35.12546666666667,-75.62685,0.0864031696014042,2018-03-11 23:31:05,0.0187161815243784,2018-03-11 23:31:05,-0.0055756147721589,2018-03-12 02:16:16,0.0358827097102225,2018-03-12 02:16:16
263,modena,2018-03-12 02:25:13,2018-03-12 02:25:13 UTC,2018-03-12 02:25:13 UTC,2018-03-12 02:17:28,2018-03-12 02:17:28 UTC,35.12546666666667,-75.62685,0.0864031696014042,2018-03-11 23:31:06,0.0187161815243784,2018-03-11 23:31:06,-0.0055756147721589,2018-03-12 02:16:17,0.0358827097102225,2018-03-12 02:16:17
264,modena,2018-03-12 05:19:07,2018-03-12 05:19:07 UTC,2018-03-12 05:19:07 UTC,2018-03-12 05:18:24,2018-03-12 05:18:24 UTC,35.1219,-75.65705,-0.000602492516170994,2018-03-12 02:27:21,0.035995058158063,2018-03-12 02:27:21,-0.0513484823868855,2018-03-12 05:17:18,0.100519524728534,2018-03-12 05:17:18
265,modena,2018-03-12 08:20:11,2018-03-12 08:20:11 UTC,2018-03-12 08:20:11 UTC,2018-03-12 08:19:29,2018-03-12 08:19:29 UTC,35.11605,-75.68418333333334,-0.0483730663954326,2018-03-12 05:35:03,0.100154706883122,2018-03-12 05:35:03,-0.0443406450003862,2018-03-12 08:18:21,0.115117049499135,2018-03-12 08:18:21
266,modena,2018-03-12 11:17:50,2018-03-12 11:17:50 UTC,2018-03-12 11:17:50 UTC,2018-03-12 11:17:11,2018-03-12 11:17:11 UTC,35.10378333333333,-75.70425,-0.0412899285784772,2018-03-12 08:32:06,0.11463944687871,2018-03-12 08:32:06,-0.052094865610494,2018-03-12 11:16:00,0.0879670347098655,2018-03-12 11:16:00
267,modena,2018-03-12 14:17:57,2018-03-12 14:17:57 UTC,2018-03-12 14:17:57 UTC,2018-03-12 14:17:13,2018-03-12 14:17:13 UTC,35.08838333333333,-75.7351,-0.0484664462976248,2018-03-12 11:30:03,0.088308483291117,2018-03-12 11:30:03,-0.0806233121010318,2018-03-12 14:16:03,0.0398846033819946,2018-03-12 14:16:03
268,modena,2018-03-12 17:18:44,2018-03-12 17:18:44 UTC,2018-03-12 17:18:44 UTC,2018-03-12 17:17:54,2018-03-12 17:17:54 UTC,35.07033333333333,-75.76583333333333,-0.0767072775889514,2018-03-12 14:30:31,0.0398675914962838,2018-03-12 14:30:31,-0.113121649284758,2018-03-12 17:16:47,0.0211288697691118,2018-03-12 17:16:46
269,modena,2018-03-12 20:18:08,2018-03-12 20:18:08 UTC,2018-03-12 20:18:08 UTC,2018-03-12 20:17:25,2018-03-12 20:17:25 UTC,35.0536,-75.79825,-0.11002011500405,2018-03-12 17:30:52,0.0214854682464622,2018-03-12 17:30:52,-0.0835592947761314,2018-03-12 20:16:15,0.0108635248760742,2018-03-12 20:16:15
270,modena,2018-03-12 23:20:04,2018-03-12 23:20:04 UTC,2018-03-12 23:20:04 UTC,2018-03-12 23:18:13,2018-03-12 23:18:13 UTC,35.04698333333333,-75.79796666666667,-0.0831663128648584,2018-03-12 21:07:37,0.0132269109903281,2018-03-12 21:07:37,-0.0831663128648584,2018-03-12 21:07:36,0.0132269109903281,2018-03-12 21:07:36
271,modena,2018-03-13 02:16:37,2018-03-13 02:16:37 UTC,2018-03-13 02:16:37 UTC,2018-03-13 02:15:50,2018-03-13 02:15:50 UTC,35.02101666666667,-75.84133333333334,-0.00826831353776961,2018-03-12 23:32:09,-0.0543050974080549,2018-03-12 23:32:09,-0.0190018393267465,2018-03-13 02:14:40,-0.0425797192158679,2018-03-13 02:14:40
272,modena,2018-03-13 05:18:39,2018-03-13 05:18:39 UTC,2018-03-13 05:18:39 UTC,2018-03-13 05:17:55,2018-03-13 05:17:55 UTC,34.99633333333333,-75.83335,-0.019008624828919,2018-03-13 02:29:21,-0.039027825537093,2018-03-13 02:29:21,-0.145177137192508,2018-03-13 05:16:46,-0.0486547754491813,2018-03-13 05:16:46
273,modena,2018-03-13 08:18:38,2018-03-13 08:18:38 UTC,2018-03-13 08:18:38 UTC,2018-03-13 08:17:59,2018-03-13 08:17:59 UTC,34.988,-75.82278333333333,-0.144673181302878,,-0.0463835725978694,,-0.0892443471488012,2018-03-13 08:16:48,-0.0217126555569522,2018-03-13 08:16:48
274,modena,2018-03-13 11:18:13,2018-03-13 11:18:13 UTC,2018-03-13 11:18:13 UTC,2018-03-13 11:17:34,2018-03-13 11:17:34 UTC,34.96625,-75.81476666666667,-0.0885364422336198,2018-03-13 08:31:00,-0.018335762066261,2018-03-13 08:31:00,-0.109033696315426,2018-03-13 11:16:24,-0.0517162305676811,2018-03-13 11:16:24
275,modena,2018-03-13 14:19:09,2018-03-13 14:19:09 UTC,2018-03-13 14:19:09 UTC,2018-03-13 14:18:23,2018-03-13 14:18:23 UTC,34.94965,-75.80248333333333,-0.107851966762049,2018-03-13 11:30:36,-0.0485858249583348,,-0.109428032378853,2018-03-13 14:17:18,-0.0838381336413001,2018-03-13 14:17:18
276,modena,2018-03-13 17:20:52,2018-03-13 17:20:52 UTC,2018-03-13 17:20:52 UTC,2018-03-13 17:19:52,2018-03-13 17:19:52 UTC,34.9496,-75.78966666666666,-0.109175101149028,2018-03-13 14:31:19,-0.0816187071007981,2018-03-13 14:31:19,-0.0860201383364673,2018-03-13 17:18:40,-0.0238169381831092,2018-03-13 17:18:40
277,modena,2018-03-13 17:31:19,2018-03-13 17:31:19 UTC,2018-03-13 17:31:19 UTC,2018-03-13 17:19:52,2018-03-13 17:19:52 UTC,34.9496,-75.78966666666666,-0.109175101149028,2018-03-13 14:31:19,-0.0816187071007981,2018-03-13 14:31:19,-0.0860201383364673,2018-03-13 17:18:40,-0.0238169381831092,2018-03-13 17:18:40
278,modena,2018-03-13 20:18:17,2018-03-13 20:18:17 UTC,2018-03-13 20:18:17 UTC,2018-03-13 20:17:29,2018-03-13 20:17:29 UTC,34.959316666666666,-75.77405,-0.0853990155315452,2018-03-13 17:32:25,-0.0227428335156631,2018-03-13 17:32:25,-0.0108057151519425,2018-03-13 20:16:24,0.0084389855582328,2018-03-13 20:16:24
279,modena,2018-03-13 23:19:45,2018-03-13 23:19:45 UTC,2018-03-13 23:19:45 UTC,2018-03-13 23:19:04,2018-03-13 23:19:04 UTC,34.949216666666665,-75.75405,-0.0107066481962468,2018-03-13 20:32:21,0.00812696258268303,2018-03-13 20:32:21,-0.0301415126487817,2018-03-13 23:17:58,0.0764717598022004,2018-03-13 23:17:58
280,modena,2018-03-14 02:19:11,2018-03-14 02:19:11 UTC,2018-03-14 02:19:11 UTC,2018-03-14 02:18:24,2018-03-14 02:18:24 UTC,34.935266666666664,-75.73076666666667,-0.0308627445191193,2018-03-13 23:32:30,0.0761676060758877,2018-03-13 23:32:30,0.00311767635878115,2018-03-14 02:17:15,0.00161765412675605,2018-03-14 02:17:15
281,modena,2018-03-14 05:18:29,2018-03-14 05:18:29 UTC,2018-03-14 05:18:29 UTC,2018-03-14 05:17:50,2018-03-14 05:17:50 UTC,34.92281666666667,-75.71361666666667,0.00292577693643855,2018-03-14 05:17:47,0.00690984607070408,2018-03-14 05:17:47,0.00292577693643855,2018-03-14 05:17:46,0.00690984607070408,2018-03-14 05:17:46
282,modena,2018-03-14 08:16:28,2018-03-14 08:16:28 UTC,2018-03-14 08:16:28 UTC,2018-03-14 08:15:44,2018-03-14 08:15:44 UTC,34.9175,-75.69871666666667,0.000414978785459549,2018-03-14 08:15:37,0.0081478518046545,2018-03-14 08:15:37,0.000414978785459549,2018-03-14 08:15:37,0.0081478518046545,2018-03-14 08:15:36
283,modena,2018-03-14 11:18:06,2018-03-14 11:18:06 UTC,2018-03-14 11:18:06 UTC,2018-03-14 11:17:19,2018-03-14 11:17:19 UTC,34.911116666666665,-75.68056666666666,0.0048198390368428,2018-03-14 11:17:19,0.00479914797168188,2018-03-14 11:17:19,0.0048198390368428,2018-03-14 11:17:19,0.00479914797168188,2018-03-14 11:17:19
284,modena,2018-03-14 14:21:30,2018-03-14 14:21:30 UTC,2018-03-14 14:21:30 UTC,2018-03-14 14:20:44,2018-03-14 14:20:44 UTC,34.92313333333333,-75.65976666666667,0.0048198390368428,2018-03-14 11:17:20,0.00479914797168188,,0.0811043778674291,2018-03-14 14:19:35,0.0339974533991798,2018-03-14 14:19:35
285,modena,2018-03-14 17:19:28,2018-03-14 17:19:28 UTC,2018-03-14 17:19:28 UTC,2018-03-14 17:18:44,2018-03-14 17:18:44 UTC,34.95493333333334,-75.65176666666666,0.0758239091243001,2018-03-14 14:34:46,0.0347316317616523,2018-03-14 14:34:46,0.00413625290754909,2018-03-14 17:17:36,0.0067925121278486,2018-03-14 17:17:36
286,modena,2018-03-14 20:18:57,2018-03-14 20:18:57 UTC,2018-03-14 20:18:57 UTC,2018-03-14 20:18:14,2018-03-14 20:18:14 UTC,34.98985,-75.64001666666667,0.00275121498593652,2018-03-14 17:31:49,0.00706187632574746,2018-03-14 17:31:49,0.0252253860492738,2018-03-14 20:17:03,0.0100817062139478,2018-03-14 20:17:03
287,modena,2018-03-14 23:17:32,2018-03-14 23:17:32 UTC,2018-03-14 23:17:32 UTC,2018-03-14 23:16:34,2018-03-14 23:16:34 UTC,35.0223,-75.6259,0.0168451132665295,2018-03-14 23:16:27,0.00580908184875018,2018-03-14 23:16:27,0.0168451132665295,2018-03-14 23:16:26,0.00580908184875018,2018-03-14 23:16:26
288,modena,2018-03-15 02:19:48,2018-03-15 02:19:48 UTC,2018-03-15 02:19:48 UTC,2018-03-15 02:18:59,2018-03-15 02:18:59 UTC,35.0448,-75.61328333333333,0.0168451132665295,2018-03-14 23:16:27,0.00580908184875018,2018-03-14 23:16:27,0.00649513307105174,2018-03-15 02:17:54,-0.00456133605499344,2018-03-15 02:17:54
289,modena,2018-03-15 02:26:04,2018-03-15 02:26:04 UTC,2018-03-15 02:26:04 UTC,2018-03-15 02:18:59,2018-03-15 02:18:59 UTC,35.0448,-75.61328333333333,0.0168451132665295,2018-03-14 23:16:27,0.00580908184875018,2018-03-14 23:16:27,0.00649513307105174,2018-03-15 02:17:54,-0.00456133605499344,2018-03-15 02:17:54
290,modena,2018-03-15 05:19:19,2018-03-15 05:19:19 UTC,2018-03-15 05:19:19 UTC,2018-03-15 05:18:35,2018-03-15 05:18:35 UTC,35.0622,-75.60953333333333,0.0039733002822877,2018-03-15 02:27:44,-0.000408018376890098,2018-03-15 02:27:44,0.0692199084489681,2018-03-15 05:17:26,-0.0233695583248166,2018-03-15 05:17:26
291,modena,2018-03-15 08:19:14,2018-03-15 08:19:14 UTC,2018-03-15 08:19:14 UTC,2018-03-15 08:18:31,2018-03-15 08:18:31 UTC,35.08711666666667,-75.60221666666666,0.0682316115841736,2018-03-15 05:37:02,-0.0202082039890151,2018-03-15 05:37:02,0.0248277423667841,2018-03-15 08:17:21,0.00565558429559304,2018-03-15 08:17:21
292,modena,2018-03-15 11:18:32,2018-03-15 11:18:32 UTC,2018-03-15 11:18:32 UTC,2018-03-15 11:17:44,2018-03-15 11:17:44 UTC,35.11496666666667,-75.58658333333334,0.0310464669386634,2018-03-15 11:17:45,0.0104702450529973,2018-03-15 11:17:45,0.0310464669386634,2018-03-15 11:17:45,0.0104702450529973,2018-03-15 11:17:45
293,modena,2018-03-15 14:18:36,2018-03-15 14:18:36 UTC,2018-03-15 14:18:36 UTC,2018-03-15 14:17:49,2018-03-15 14:17:49 UTC,35.1298,-75.57141666666666,0.0310464669386634,2018-03-15 11:17:45,0.0104702450529973,2018-03-15 11:17:45,0.00931081562438219,2018-03-15 14:16:42,-0.00259168527028506,2018-03-15 14:16:42
294,modena,2018-03-15 17:21:32,2018-03-15 17:21:32 UTC,2018-03-15 17:21:32 UTC,2018-03-15 17:20:44,2018-03-15 17:20:44 UTC,35.136466666666664,-75.55825,0.00591970530666733,2018-03-15 14:30:50,-8.40070791352736e-05,2018-03-15 14:30:50,0.0124499476982494,2018-03-15 17:19:37,-0.0024084030215313,2018-03-15 17:19:37
295,modena,2018-03-15 20:20:14,2018-03-15 20:20:14 UTC,2018-03-15 20:20:14 UTC,2018-03-15 20:19:30,2018-03-15 20:19:30 UTC,35.143683333333335,-75.5153,0.00285556358092446,2018-03-15 17:33:32,-0.00152552095224653,2018-03-15 17:33:32,0.084383773991619,2018-03-15 20:18:20,0.0092050504418667,2018-03-15 20:18:19
296,modena,2018-03-15 23:13:28,2018-03-15 23:13:28 UTC,2018-03-15 23:13:28 UTC,2018-03-15 20:35:59,2018-03-15 20:35:59 UTC,35.14655,-75.50253333333333,0.0692766182000096,2018-03-15 20:34:51,0.00827924710739085,2018-03-15 20:34:50,0.0692766182000096,2018-03-15 20:34:50,0.00827924710739085,2018-03-15 20:34:50
297,modena,2018-03-15 23:17:44,2018-03-15 23:17:44 UTC,2018-03-15 23:17:44 UTC,2018-03-15 20:35:59,2018-03-15 20:35:59 UTC,35.14655,-75.50253333333333,0.0692766182000096,2018-03-15 20:34:50,0.00827924710739085,2018-03-15 20:34:50,0.0692766182000096,2018-03-15 20:34:50,0.00827924710739085,2018-03-15 20:34:50
298,modena,2018-03-15 23:19:47,2018-03-15 23:19:47 UTC,2018-03-15 23:19:47 UTC,2018-03-15 20:35:59,2018-03-15 20:35:59 UTC,35.14655,-75.50253333333333,0.0692766182000096,2018-03-15 20:34:51,0.00827924710739085,2018-03-15 20:34:51,0.0692766182000096,2018-03-15 20:34:50,0.00827924710739085,2018-03-15 20:34:50
299,modena,2018-03-15 23:22:52,2018-03-15 23:22:52 UTC,2018-03-15 23:22:52 UTC,2018-03-15 20:35:59,2018-03-15 20:35:59 UTC,35.14655,-75.50253333333333,0.0692766182000096,,0.00827924710739085,,0.0692766182000096,2018-03-15 20:34:50,0.00827924710739085,2018-03-15 20:34:50
300,modena,2018-03-15 23:29:44,2018-03-15 23:29:44 UTC,2018-03-15 23:29:44 UTC,2018-03-15 20:36:00,2018-03-15 20:36:00 UTC,35.14655,-75.50253333333333,0.0692766182000096,2018-03-15 20:34:51,0.00827924710739085,2018-03-15 20:34:51,0.0692766182000096,2018-03-15 20:34:51,0.00827924710739085,2018-03-15 20:34:51
301,modena,2018-03-15 23:41:38,2018-03-15 23:41:38 UTC,2018-03-15 23:41:38 UTC,2018-03-15 23:40:53,2018-03-15 23:40:53 UTC,35.177883333333334,-75.42646666666667,0.0692766182000096,,0.00827924710739085,2018-03-15 20:34:50,0.0692766182000096,2018-03-15 20:34:50,0.00827924710739085,2018-03-15 20:34:50
302,modena,2018-03-15 23:44:01,2018-03-15 23:44:01 UTC,2018-03-15 23:44:01 UTC,2018-03-15 23:40:54,2018-03-15 23:40:54 UTC,35.177883333333334,-75.42646666666667,0.0692766182000096,2018-03-15 20:34:51,0.00827924710739085,2018-03-15 20:34:51,0.0692766182000096,,0.00827924710739085,2018-03-15 20:34:50
303,modena,2018-03-15 23:57:59,2018-03-15 23:57:59 UTC,2018-03-15 23:57:59 UTC,2018-03-15 23:40:54,2018-03-15 23:40:54 UTC,35.177883333333334,-75.42646666666667,0.0692766182000096,2018-03-15 20:34:51,0.00827924710739085,2018-03-15 20:34:51,0.0692766182000096,2018-03-15 20:34:50,0.00827924710739085,2018-03-15 20:34:50
304,modena,2018-03-16 00:05:04,2018-03-16 00:05:04 UTC,2018-03-16 00:05:04 UTC,2018-03-16 00:04:25,2018-03-16 00:04:25 UTC,35.18978333333333,-75.41158333333334,0.0692766182000096,2018-03-15 20:34:51,0.00827924710739085,2018-03-15 20:34:51,0.0692766182000096,2018-03-15 20:34:51,0.00827924710739085,2018-03-15 20:34:51
